Link,Titulo,Precio,Ubicacion,Ventas 60 dias,Reviews,Rating,Comentarios
https://www.mercadolibre.com.co/laptop-hp-240-g7-gris-14-intel-celeron-n4020-8gb-de-ram-1tb-hdd-intel-uhd-graphics-600-1366x768px-windows-10-home/p/MCO18941400?pdp_filters=category:MCO1652#searchVariation=MCO18941400&position=1&search_layout=stack&type=product&tracking_id=cf05338e-e0b7-4e9b-a0e7-132e1491473f,"Laptop HP 240 G7 gris 14"", Intel Celeron N4020  8GB de RAM 1TB HDD, Intel UHD Graphics 600 1366x768px Windows 10 Home",1.150.000,"Chapinero, Bogot치 D.C..",+50,334 calificaciones,4.7,"['Buenas tardes, hasta el momento me a parecido de muy buena calidad y en cuanto al sistema muy r치pido.', 'Excelente el producto. Cumple con todas las especificaciones de la publicaci칩n. La c치mara es buena aunque la calidad no es la mejor. Es el 칰nico detalle que vimos pero igualmente es aceptable por el precio del equipo.', 'Me parecio muy buen equipo comparado con el precio. Tenia mis dudas al leer ciertos comentarios pero por el momento no me arrepiento de mi compra, trae lo que ofrecen y me gusto mucho que trajera una hoja de recomendaciones para tener un mejor uso y aprovechamiento del equipo.', 'Cumple con lo que dice, me la pasaba leyendo los comentarios para decidirme si si o si no y pues me decid칤 por el si y no me arrepiento de mi decisi칩n ya que el producto me sirve como tanto para jugar como tambi칠n para proyectos que hago.', 'Es una muy buena m치quina para el trabajo b치sico ya que es bastante 치gil es muy liviana y la resoluci칩n de la pantalla se excelente adem치s tiene muy buena duraci칩n de bater칤a, por mejorar ser칤a que instalar치n el paquete de office para que no pida actualizaciones de sistema pero por lo dem치s excelente equipo adem치s con las l칤neas muy agradables a la vista.']"
https://www.mercadolibre.com.co/laptop-asus-m515da-gris-156-amd-ryzen-5-3500u-16gb-de-ram-1tb-hdd-256gb-ssd-amd-radeon-rx-vega-8-ryzen-20003000-1920x1080px-windows-10/p/MCO19537081?pdp_filters=category:MCO1652#searchVariation=MCO19537081&position=2&search_layout=stack&type=product&tracking_id=cf05338e-e0b7-4e9b-a0e7-132e1491473f,"Laptop Asus M515DA gris 15.6"", AMD Ryzen 5 3500U  16GB de RAM 1TB HDD 256GB SSD, AMD Radeon RX Vega 8 (Ryzen 2000/3000) 1920x1080px Windows 10",2.425.637,"Chapinero, Bogot치 D.C..",+100,136 calificaciones,4.7,"['Podr칤a decir que el producto va bien, pero tambi칠n han pasado cosas que me hacen dudar, por ejemplo lo estaba usando y ten칤a unas 10 pesta침as de google abiertas cuando se la nada se reinicio (llevo un mes y medio con el producto) tambi칠n me pas칩 que lo estaba usando mientras cargaba(estaba escribiendo en word muestras escuchaba m칰sica), estaba en un 90% cuando de la nada suena y se me apaga(el sonido fue como si se hubiera quemado algo) tuve que esperar unos 30 segundos hasta que prendi칩 de nuevo.', 'Es potencialmente bueno. Uno lo compra por el procesador, luego hay que ponerle un disco s칩lido y aumentarle ram. As칤 en la configuraci칩n original con el disco mec치nico es lento, el procesador no se disfruta. Le cambi칠 el disco a s칩lido y le puse m치s ram y qued칩 muy bien, s칰per bien, muy r치pido.', 'El port치til es sobre saliente, los juegos los corre a 40 - 60 fps, vino con windows 11 + amd radeon graphics adrenalin, con windows 11 consum칤a 20% en 20 minutos ( rendimiento decepcionante), con windows 11 se calienta horrible, tuve que desinstalar win11 y ponerle ubuntu 22. 04 ( lo que extendi칩 la bater칤a hasta 9 horas ) que con win11 en 1 hora ya estaba descargado, se desinstal칩 win11 y adicional se le instal칩 win10 pro, lo que da una autonom칤a 8 a 12 horaw continuas desde el 100% hasta 1% de la bater칤a ( solo trabajando con el paquete office, word, etc con el bluetooth desactivado y el brillo al m칤nimo). Juegos que corren bien ( cod mobile + emulador gameloop, cod warzone pc, pugb pc y pugb emulador, apex no lo recomiendo), el tiempo de autonom칤a 2 horas solo jugando. Camara es en hd buena calidad, pero no tiene bloqueo de camara lo que lo vuelve inseguro. Vino con 1 disco legend 700 de estado s칩lo muy bueno lo que el ryzen 7 3700u + gr치fica radeon vega 10 permite que encienda en 9 segundos a 24 segundos, vino con 16 de ram ( durante el juego ultiliza 7,6 de ram y en estado normal consume con el win10 pro 2. 6 - 3 de ram), calidad de imagen full hd, sin antireflejo ( lo vuelve muy inc칩modo para trabajar en ambientes abiertos).\nRecomiendo: particionar el disco mec치nico y ah칤 instalen ubuntu linux, elementary linux, linux mint o manjaro (no instalen nobara), laptop corre muy muy bien con cualquier linux mencionado e instalar el win10 en el ssd 500gb en nfts. No mezclar s. Oper.', 'Buena m치quina para trabajar, es muy r치pida y tiene buen rendimiento, el 칰nico problema es la bater칤a, dura muy poco, desde carga completa a apagarse son m치ximo 3 horas y nisiquiera usandola en m치ximo rendimiento.', 'El pc me encanta, investigu칠 mucho antes de comprarlo y realmente me parece que est치 super bien en cuanto a calidad y precio. No se me ha congelado, corre super bien, enciende y apaga muy r치pido, la pantalla es muy amplia, lo 칰nico es tal vez acostumbrarse al teclado que incorpora teclado num칠rico en el costado derecho, el uso que le doy es muy b치sico algunos juegos, correo, b칰squedas en internet y ya para lo cual el port치til va volando. La 칰nica duda que me queda es si no tiene entrada para cable de internet; solo veo entrada hdmi, usb y tipo c.']"
https://www.mercadolibre.com.co/laptop-dell-inspiron-3501-plata-1555-intel-core-i3-1115g4-8gb-de-ram-256gb-ssd-intel-uhd-graphics-xe-g4-48eus-60-hz-1366x768px-windows-10-home/p/MCO17396382?pdp_filters=category:MCO1652#searchVariation=MCO17396382&position=3&search_layout=stack&type=product&tracking_id=cf05338e-e0b7-4e9b-a0e7-132e1491473f,"Laptop Dell Inspiron 3501 plata 15.55"", Intel Core i3 1115G4  8GB de RAM 256GB SSD, Intel UHD Graphics Xe G4 48EUs 60 Hz 1366x768px Windows 10 Home",1.534.900,"Suba, Bogot치 D.C..",+500,163 calificaciones,4.5,"['Excelente producto, es muy veloz y aunque viene con windows 10 por defecto. Es 100% compatible con windows 11. Y lo corre sin bugs ni lags. Muy buen equipo.', 'El producto es muy rapido, he podido realizar mis practicas de programacion sin problema, cumplio mis espectativas, lo recomiendo.', 'Es perfecto tengo la version de 12 gb de ram, 256 gb ssd y 1 tera, es eficiente super rapido ya llevo casi un mes de uso y me ha encantado es un equipo econimico liviano y me sirve de maravilla lo recomiendo.', 'Un producto con muy buen acabado, bien equipado de procesador y memoria ram. Cumple con el m칤nimo hardware para las tareas comerciales y particulares de hoy en d칤a.', 'El produto se ve bueno a simple vista al prenderlo el equipo es lento pero al comfigurarlo es rapido tiene unas aplicaciones que lo hacen lento pero al quitarcelas el equipo se le suluciona el problema.']"
https://www.mercadolibre.com.co/macbook-air-m2-2022-midnight-136-apple-m2-8gb-de-ram-256gb-ssd-apple-m2-10-core-gpu-2560x1664px-macos/p/MCO19563442?pdp_filters=category:MCO1652#searchVariation=MCO19563442&position=4&search_layout=stack&type=product&tracking_id=cf05338e-e0b7-4e9b-a0e7-132e1491473f,"MacBook Air M2 2022 midnight 13.6"", Apple M2  8GB de RAM 256GB SSD, Apple M2 10-Core GPU 2560x1664px macOS",6.299.000,"Antonio Nari침o, Bogot치 D.C..",+100,16 calificaciones,5.0,"['Me gust칩 mucho, solo que no me di cuenta que el teclado era en ingles y eso me ha costado un poco.', 'Excelente y con el teclado en espa침ol!.', 'Muy potente y c칩modo a ese precio no decepciona.', 'Hasta ahorita todo bien.', 'Es tal cual se describe, tengo en cuenta que partir del modelo cuentan 10 a침os de para que apple no le saque mas actualizaciones, excelente compra.']"
https://www.mercadolibre.com.co/laptop-lenovo-ideapad-14ada05-platinum-gray-14-amd-athlon-silver-3050u-4gb-de-ram-256gb-ssd-amd-radeon-rx-vega-2-1366x768px-freedos/p/MCO19693411?pdp_filters=category:MCO1652#searchVariation=MCO19693411&position=7&search_layout=stack&type=product&tracking_id=cf05338e-e0b7-4e9b-a0e7-132e1491473f,"Laptop Lenovo IdeaPad 14ADA05  platinum gray 14"", AMD Athlon Silver 3050U  4GB de RAM 256GB SSD, AMD Radeon RX Vega 2 1366x768px FreeDOS",1.438.000,"Chapinero, Bogot치 D.C..",+1000,,,[]
https://click1.mercadolibre.com.co/mclics/clicks/external/MCO/count?a=nh%2FYisosWT%2FqdhJaTK9si7PqKhmyvVmi0NyYICVgOQL60QJqYlXIHOOyKRsT%2F1MbKWKa2yIoJ7Z6dAdYyNPGAkVvb5ytlrdyp21QaOvSRktIiFEyIq9CQSozq3xKMrFz94DmSnQhZ4Smt8u3F9EN3FQI2U2L1%2FkzKDg5SPNaLnCNMWR9VX77jmnNb5Tmul2ijmrhSoyVBVy6PVjwbm0qgGiMprJWDcxp%2BJCkjl5W3JotAfav8N4amcekvvMHjhD8OZUwXG4WfJlHYjAIflVK0DA2uknfBjqKachJI6v8rq0limaqbtr%2BsMDGOcJ3BnYNk0mf2dXo7bCbJDQ8%2F7L1UvgiFHlLsWD%2FMDDvqb56UQyHXSNFh4C01ovQK79cHo%2BQFmflzdpyin9H58wewWOxYWL7qZwIQrjMOtMGnJGWCM6IAvz9h%2FCWYvvD5w1NOtWt%2B6BTXNXjMP%2B3IaTbtXdDeFhoWHwbs6SW9eovj9c4KGinqxtmz06ujOZ9Y7G0NQxcBPlqVTp6C5K58jucuFPeBC%2BYYjiE%2BpCs1coCgzI9TvZIItsdyOx7rrBg9SpGm5BZjmbxIWNBpkNpzQvi5lc0sdRNiKHWUkDFTC0w6eeiycj1Wuk5RVpfbiQ%2FIoaxGJRSpQuADPASuTy3D2VsrXgr%2FNN70zs5G1ianeM25JrC1rDHAN0TBzG4rp86kLhWc3UEUwdZHpYITbpLMfMN%2F1PuumU%3D&rb=x,Portatil Asus X415ea Intel Pentium 8gb 256gb Ssd 14  Win 11 ,2.000.000,"Chapinero, Bogot치 D.C..",+1000,,,[]
https://click1.mercadolibre.com.co/mclics/clicks/external/MCO/count?a=VIhhSOPUH7joKD%2B54W2X7t%2F4lu3D6ccIHhVhm7xlrR4n1ml7P%2Ba0qvX31qfb8OQgkA108nhqpD2CSiJOFaPzYrVylgz9i6tJcY94HNiY4PtWmYJI%2F0MoZm49%2FQ24n3n%2FB4foA6Bs0HO5ADIMY9kvkZ1Rq0AM30PWNAUPuNhTtuVkGHxKvPY67tZGMxLnZysgpUTLat6SsgYc6aDahIiBqJ2BoyOQDIkfY9eQvyAyx23V%2FETJBqKPa062%2BEXLf5K%2FWWGpRgjd8ptUJzBoK8pcubpr9OMPnFKf5dyNRQ6HjuLFExAY8vvBCIA4dlEGGtMKKfSYV8qNIAO%2B6CY93H33kup6e3u4FsyNTp4k%2BKjJiqxums0%2BcZFrySIfZZBJ2cs4ADaiXNTi2V7fV%2FVGY0XjRsMj5nxoT%2FDJtibnzVkOzscupFLz2qrOw7fG3%2B8vkX%2BHvLS63b2KD40lODmn8LTqxs3J2PDgCqz8wSQL7k2bE4WOsMdPhwZkLCpHZW%2FqjkLPTOlN0gCjSICJnDw0d9XAQM0YK3pphqCI6wTlho0oatkWzHl7dnd4QecQRZozU%2F%2Bt4O2h%2FdwuwaKnj0pzuyR23rbpfkr6xuHdFjU1%2F5cEz9eO4TTIPAxKABBoDR4obdhKmszZQi7ey%2FM9ZHM55bONk2CYipUDzMpKe5luSnxG6R7x5nHIyVwcoSvYCoLb5CGjoC2Rzywit2KlgEe4nxadOWJpgg%3D%3D&rb=x,Laptop Hp 240 G8 Intel Celeron N4120 8gb 256gb Ssd Windows10,1.200.000,"Chapinero, Bogot치 D.C..",+1000,4 calificaciones,4.0,"['La pantalla es de muy baja calidad no recomiendo este conputador al ver un video los colores se ven muy mal.', 'Excelente este producto. Compre 5 pc.', 'Excelente todo.']"
https://www.mercadolibre.com.co/laptop-asus-vivobook-e410ma-azul-electrica-tactil-14-intel-celeron-n4020-4gb-de-ram-128gb-ssd-intel-uhd-graphics-600-60-hz-1366x768px-windows-10-home/p/MCO16159862?pdp_filters=category:MCO1652#searchVariation=MCO16159862&position=11&search_layout=stack&type=product&tracking_id=cf05338e-e0b7-4e9b-a0e7-132e1491473f,"Laptop Asus VivoBook E410MA azul el칠ctrica t치ctil 14"", Intel Celeron N4020  4GB de RAM 128GB SSD, Intel UHD Graphics 600 60 Hz 1366x768px Windows 10 Home",1.100.000,"Chapinero, Bogot치 D.C..",+50,,,[]
https://www.mercadolibre.com.co/laptop-lenovo-ideapad-14ada05-platinum-gray-14-amd-athlon-silver-3050u-8gb-de-ram-256gb-ssd-amd-radeon-rx-vega-2-1366x768px-windows-10-home/p/MCO18063168?pdp_filters=category:MCO1652#searchVariation=MCO18063168&position=12&search_layout=stack&type=product&tracking_id=cf05338e-e0b7-4e9b-a0e7-132e1491473f,"Laptop Lenovo IdeaPad 14ADA05  platinum gray 14"", AMD Athlon Silver 3050U  8GB de RAM 256GB SSD, AMD Radeon RX Vega 2 1366x768px Windows 10 Home",1.170.000,"Chapinero, Bogot치 D.C..",+50,,,[]
https://www.mercadolibre.com.co/laptop-dell-inspiron-3505-gris-156-amd-ryzen-5-3450u-16gb-de-ram-1tb-hdd-256gb-ssd-amd-radeon-rx-vega-8-ryzen-20003000-60-hz-1366x768px-windows-10-home/p/MCO16999023?pdp_filters=category:MCO1652#searchVariation=MCO16999023&position=13&search_layout=stack&type=product&tracking_id=cf05338e-e0b7-4e9b-a0e7-132e1491473f,"Laptop Dell Inspiron 3505 gris 15.6"", AMD Ryzen 5 3450U  16GB de RAM 1TB HDD 256GB SSD, AMD Radeon RX Vega 8 (Ryzen 2000/3000) 60 Hz 1366x768px Windows 10 Home",2.021.323,"Chapinero, Bogot치 D.C..",+50,106 calificaciones,4.7,"['Excelente equipo aunque en la descripci칩n dec칤a que era con teclado retro iluminado y no es as칤. Del resto funciona muy bien.', 'El equipo cumple con las especificaciones tecnicas, pero en pantalla, el brillo cambia cuando no est치 cargando, el contraste sube y esto no es configurable, esto es por que la pantalla del pc no es la original, lo digo por que tengo uno original que me dio la empresa y a comparacion a este si cambian algunas cosas, otra cosa que cambia es que se calienta demasiado y se descarga muy rapido, esto tambi칠n por que la pila no es la original, esto lo comento para que al comprarlo no se les haga raro que presenta estas cosas.', 'La computadora tiene buen rendimiento pero por el rango de precios la mejor opci칩n es la lenovo ideapad 3, la computadora hace mucho ruido con los ventiladores, si vienes de pantallas full hd vas a notar una perdida de calidad enorme y si pretendes utilizarla para video juegos solo ira bien con juegos que le exigen poco y los dem치s van en bien gr치ficos medios y bajos. Las bocinas con alto volumen retumban toda la computadora es molesto.', 'Es una computador hermoso, tiene acabados elegante, es s칰per r치pido, tiene un sistema de diagn칩stico y operaci칩n muy eficiente, lo que permite mejorar en el usuario diario, me encanta el pc es excelente marca y el precio se ajusta a mi econom칤a y facilidad de pago.', 'Muy buen computador, cumple con todas las expectativas, excelente velocidad, actualizable a windows 11 y corre de maravilla a칰n con varias ventanas/p치ginas abiertas.']"
https://www.mercadolibre.com.co/laptop-gamer-asus-tuf-dash-f15-fx516pc-gris-eclipse-156-intel-core-i5-11300h-8gb-de-ram-512gb-ssd-nvidia-geforce-rtx-3050-144-hz-1920x1080px/p/MCO19892204?pdp_filters=category:MCO1652#searchVariation=MCO19892204&position=15&search_layout=stack&type=product&tracking_id=cf05338e-e0b7-4e9b-a0e7-132e1491473f,"Laptop gamer Asus TUF Dash F15 FX516PC gris eclipse 15.6"", Intel Core i5 11300H  8GB de RAM 512GB SSD, NVIDIA GeForce RTX 3050 144 Hz 1920x1080px",3.999.000,"Chapinero, Bogot치 D.C..",+500,33 calificaciones,4.8,"['Llevo ya m치s de un mes de uso y funciona muy bien es r치pido y potente corre muy bien varios de los juegos que tengo instalados y en el momento no ha presentado problemas satisfecho con la compra.', 'Es un port치til gamer muy bueno, su tarjeta de video y procesador son excelentes respecto precio-calidad y comparado con otros port치tiles; su peso es ligero y su teclado iluminado azul es bastante bonito. Lo 칰nico a tener en cuenta es que no trae c치mara web.', 'Tiene excelentes componenetes, relaci칩n precio/calidad excelente para la gama del producto, para programaci칩n, edici칩n de video y juegos (de cualquier tipo) va excelente, obviamente mientras le esten exigiendo rendimiendo al equipo es mejor usar el myasus para limitar el % de carga y mantenerlo conectado, as칤 alarganos la vida 칰til de la bater칤a.\nEn la parte del sonido no es de lo mejor que hay, pero cumple, se perder칤a calidad en otras caracter칤sticas si se le diese m치s relevancia.', 'Muy buen pc, lo he usado mas para trabajar en arte y creacion de modelos 3d y va de maravilla mejor wue mi amtiguo pc de torre, en juegls como valorant si se calianta con un largo uso pero sirve para lo que lo compre.', 'Robusto y potente, es lo que esperaba 游녨.']"
https://www.mercadolibre.com.co/laptop-lenovo-ideapad-14igl05-platinum-gray-14-intel-celeron-n4020-4gb-de-ram-1tb-hdd-intel-hd-graphics-600-1366x768px-windows-10-home/p/MCO18510836?pdp_filters=category:MCO1652#searchVariation=MCO18510836&position=17&search_layout=stack&type=product&tracking_id=cf05338e-e0b7-4e9b-a0e7-132e1491473f,"Laptop Lenovo IdeaPad 14IGL05  platinum gray 14"", Intel Celeron N4020  4GB de RAM 1TB HDD, Intel HD Graphics 600 1366x768px Windows 10 Home",1.050.000,"Chapinero, Bogot치 D.C..",+50,72 calificaciones,4.5,"['Muy buen equipo, el procesador es como un hermano menor de los ryzen (similar arquitectura), me sorprendi칩 su velocidad y que cuenta con 4 hilos de procesamiento. Silencioso, ya que por su bajo tdp carece de disipaci칩n activa (ventilador). El disco aunque es peque침o (128 gb) se pudo actualizar a uno mayor, seg칰n especificaciones del fabricante soporta hasta 512 por nvme. Solo por mejorar el tema de la ram que viene soldada y sin posibilidad de ampliar (no trae slot extra), no obstante, he movido programas de dise침o como corel 2020 y la suite de adobe que era para lo que lo estaba buscando. Editando algunos videos con vegas 15 trabaja fluido sin mucho filtro y carga de trabajo. La bater칤a le dura lo justo, la carcasa es solida y el teclado suave al tacto. Actualmente con windows 11, trabajando casi a 24/7, recomendado para quienes quieren un equipo con necesidades ofim치ticas, comunicaci칩n y dise침o ocasional. No lo he probado con juegos pero por su tarjeta gr치fica asumo que deber칤a correr varios t칤tulos modernos con baja y media configuraci칩n.', 'Es un computador demasiado lento :( no lo recomiendo, lentoooooo lentooooooo para todo, para que funcione bien debes invertirle mas dinero como una tarjeta con mas gb mas la instalaci칩n de programas y dem치s. Realmente no lo recomiendo :(.', 'El computador es excelente. La observacion a tener en cuenta es que este computador viene con un sistema windows de prueba. Es decir un sistema que tiene limitaciones a la hora de actualizar windows. En mi caso tuve que desintalar el windows de prueba y luego instalar windows de nuevo, lo cual me tomo varias horas y requirio de concimientos de informatica.', 'Excelente, este es el tercero que compro.', 'Es lo esperado, por el precio pagado.']"
https://click1.mercadolibre.com.co/mclics/clicks/external/MCO/count?a=%2BtOxGOzkrgE7rSwxYppPsuckWH8kqSVUJZYq4XkDamXosKlNPvO94pO9ugej7CmdRsQJCWnZu8rcdt65ZQRrJ7wGZGIff41eX5MZyN%2FF69GI9pdsYwi18BunM0Z%2FAkGUrwwaS%2F2Z24RnwqlviILDeHCk7ua8lPPRpujbA8%2F7Wsq8BL%2BPUFBgsyDy5Gajm8CcNgzuvsg2EZz%2Bgu%2FPa2Ol1icvwSxEvQPpFlNrC1VeoSzVSMxjKKara1X7Q20UqQpgifXa7sVU7Kk9XHqkUjdidtcZgRcvQssG1Il7tk4uKI%2FuzCO%2F7HGegzc566ygUkAthk9NYo1cd1TslUuaVJp%2FhqzrpAOS9aFVda%2F7UnwHXjIgn54AkdM9k1NxxvPaJ4qwJwyHfEkaZH4fXdzTb7%2BnDutsYIyuVeozeI1DqQYC78HtoE2g1dFngX6S0Q3ypXVCK%2FFf8TUqBBBDyjERTJh9rWwpilltvbJTCxpWnuhDlOAg7VUvJ%2FMBcr0o1%2F7ptwXGY4fItqjRvMxgMh7n7I%2BGfZPqU4HYPVZYGMwDlNXt4Fqd5KWNuky1zsMrROqlH3lrgS8nPK%2BTO%2BNvmHn4zD%2BOiIlBdrD5wpuIf%2Fx1OdXq%2FYxLSYpQ%2B4JB%2BK7GIip2r7drWM4EONm8%2FmY6kaucVEp3mwQDPGhhygRJiG%2FQ3ck5JJRczYwSn%2Bg8n82Ge%2FNEYAbporkH6%2BliqHcxp419njW1a2lk&rb=x,Port치til Computador Hp Intel Dual Core Ram 8gb 256gb Ssd 14 ,1.400.000,"Bucaramanga, Santander.",+1000,8 calificaciones,5.0,"['Muy bueno lo recomiendo.', 'Excelente equipo.']"
https://click1.mercadolibre.com.co/mclics/clicks/external/MCO/count?a=2sETVdxXqk7Q%2FcPPudqDkLlPB%2BJ5dgB2jHOjtUeXOHbk1Wj%2Bn6bexK2yMgXdJNsJ85XdlPG5BAo0tQnKbNL5LMLUEuHW8lu7x6hx%2BA7vo40fF0emL%2BK%2Fm5e4r34G5A50Eb%2B3pJ6eH%2B%2B7w7L3l8LcyHEuyK3E0S1PjfmIv6UsSsul9V6ihn5V3ioOMLlHUCbrM%2Bt3fqUptxyvWsCgTLIBKC0QQ9jgd4TDqOmWp1cX4RIkWvqNbXfK1QdJKxbFXLrLodayxn3EmRNWtVYZtcDR5RoLfbrUnm1MaY%2FS5EbGg5CPydNtgvtkcWj5Hef2b2O%2BpUOjpJC4SjxCI%2F98x29I22d5JZcxFLJwDhIvJag9QYaYVmYXD470lnx5vED9U2%2BQHdQtG2JuCkOkI%2FO9cDvMtoBQpTYFSgiQv9g7lH7DIH6ryMBSgUXfnHHScWWjjdwaddHyA0%2FAHno4j0SYfugXoQZHR4%2BV4Wnbrrt74gK14VxPUB0YUYicWSTDjGoYtGqmnK6YSn8mRivVobPndEm2wrQe3vMXfXn0eKGCGS70v%2FSh4IKJ6reYS52Xh%2FxxPTdO838Dmv2QjECDGfQAznusoARhkQiMTsYlBq%2BpYXZzJlROheUf3JB8d%2F22jQUfac%2B7KADNMj7MnBgC%2B%2F82OqZShm%2FLEIphqMbNtbizbDOVXEmoxpqaofZ9zIeKQbGQOIMJWhKAytfEZru5xU9I&rb=x,Port치til  Asus Intel Core I3 10th 8gb-ssd 256 Pantalla 14 ,1.449.900,"Medell칤n, Antioquia.",+100,,,[]
https://www.mercadolibre.com.co/laptop-hp-245-g7-negra-14-amd-3020e-8gb-de-ram-1tb-hdd-amd-radeon-rx-vega-3-1366x768px-windows-10-home/p/MCO18619200?pdp_filters=category:MCO1652#searchVariation=MCO18619200&position=21&search_layout=stack&type=product&tracking_id=cf05338e-e0b7-4e9b-a0e7-132e1491473f,"Laptop HP 245 G7 negra 14"", AMD 3020E  8GB de RAM 1TB HDD, AMD Radeon RX Vega 3 1366x768px Windows 10 Home",1.200.000,"Chapinero, Bogot치 D.C..",+50,412 calificaciones,4.6,"['Me gusta mucho el port치til, el m칤o vino con linux fedora, nunca hab칤a utilizado alguna distribuci칩n linux antes, pero result칩 f치cil si te tomas con tranquilidad tu tiempo. Me gusta como se ve la pantalla del port치til. Me gust칩 el teclado y la fluidez. Recomiendo a los interesados comprar este equipo sin temor. En mi caso todo sali칩 bien.', 'La verdad no me gust칩 para nada el producto, demasiado lento, la bater칤a no demora m치s de dos horas en uso. No lo recomiendo.', 'Hace dos meses compr칠 un equipo de estos y necesito saber la ubicaci칩n de su establecimiento para llevarlo por temas de garant칤a.\nEspero su pronta respuesta.\nGracias.', 'Este producto no es como dice, ni tiene 2 ranuras para memoria ram, por lo tanto no se puede mejorar con una memoria ddr4 de 2gb o 4gb extra.', 'Presento fallas, despued de 15 dias se puso lento. Al parecer necesito que lo revicen porfavor gracias.']"
https://www.mercadolibre.com.co/laptop-asus-m515da-gris-156-amd-ryzen-5-3500u-16gb-de-ram-1tb-hdd-512gb-ssd-amd-radeon-rx-vega-8-ryzen-20003000-1920x1080px-windows-10/p/MCO19686117?pdp_filters=category:MCO1652#searchVariation=MCO19686117&position=22&search_layout=stack&type=product&tracking_id=cf05338e-e0b7-4e9b-a0e7-132e1491473f,"Laptop Asus M515DA gris 15.6"", AMD Ryzen 5 3500U  16GB de RAM 1TB HDD 512GB SSD, AMD Radeon RX Vega 8 (Ryzen 2000/3000) 1920x1080px Windows 10",2.725.393,"Chapinero, Bogot치 D.C..",+100,136 calificaciones,4.7,"['Podr칤a decir que el producto va bien, pero tambi칠n han pasado cosas que me hacen dudar, por ejemplo lo estaba usando y ten칤a unas 10 pesta침as de google abiertas cuando se la nada se reinicio (llevo un mes y medio con el producto) tambi칠n me pas칩 que lo estaba usando mientras cargaba(estaba escribiendo en word muestras escuchaba m칰sica), estaba en un 90% cuando de la nada suena y se me apaga(el sonido fue como si se hubiera quemado algo) tuve que esperar unos 30 segundos hasta que prendi칩 de nuevo.', 'Es potencialmente bueno. Uno lo compra por el procesador, luego hay que ponerle un disco s칩lido y aumentarle ram. As칤 en la configuraci칩n original con el disco mec치nico es lento, el procesador no se disfruta. Le cambi칠 el disco a s칩lido y le puse m치s ram y qued칩 muy bien, s칰per bien, muy r치pido.', 'El port치til es sobre saliente, los juegos los corre a 40 - 60 fps, vino con windows 11 + amd radeon graphics adrenalin, con windows 11 consum칤a 20% en 20 minutos ( rendimiento decepcionante), con windows 11 se calienta horrible, tuve que desinstalar win11 y ponerle ubuntu 22. 04 ( lo que extendi칩 la bater칤a hasta 9 horas ) que con win11 en 1 hora ya estaba descargado, se desinstal칩 win11 y adicional se le instal칩 win10 pro, lo que da una autonom칤a 8 a 12 horaw continuas desde el 100% hasta 1% de la bater칤a ( solo trabajando con el paquete office, word, etc con el bluetooth desactivado y el brillo al m칤nimo). Juegos que corren bien ( cod mobile + emulador gameloop, cod warzone pc, pugb pc y pugb emulador, apex no lo recomiendo), el tiempo de autonom칤a 2 horas solo jugando. Camara es en hd buena calidad, pero no tiene bloqueo de camara lo que lo vuelve inseguro. Vino con 1 disco legend 700 de estado s칩lo muy bueno lo que el ryzen 7 3700u + gr치fica radeon vega 10 permite que encienda en 9 segundos a 24 segundos, vino con 16 de ram ( durante el juego ultiliza 7,6 de ram y en estado normal consume con el win10 pro 2. 6 - 3 de ram), calidad de imagen full hd, sin antireflejo ( lo vuelve muy inc칩modo para trabajar en ambientes abiertos).\nRecomiendo: particionar el disco mec치nico y ah칤 instalen ubuntu linux, elementary linux, linux mint o manjaro (no instalen nobara), laptop corre muy muy bien con cualquier linux mencionado e instalar el win10 en el ssd 500gb en nfts. No mezclar s. Oper.', 'Buena m치quina para trabajar, es muy r치pida y tiene buen rendimiento, el 칰nico problema es la bater칤a, dura muy poco, desde carga completa a apagarse son m치ximo 3 horas y nisiquiera usandola en m치ximo rendimiento.', 'El pc me encanta, investigu칠 mucho antes de comprarlo y realmente me parece que est치 super bien en cuanto a calidad y precio. No se me ha congelado, corre super bien, enciende y apaga muy r치pido, la pantalla es muy amplia, lo 칰nico es tal vez acostumbrarse al teclado que incorpora teclado num칠rico en el costado derecho, el uso que le doy es muy b치sico algunos juegos, correo, b칰squedas en internet y ya para lo cual el port치til va volando. La 칰nica duda que me queda es si no tiene entrada para cable de internet; solo veo entrada hdmi, usb y tipo c.']"
https://www.mercadolibre.com.co/laptop-hp-245-g8-negra-14-amd-ryzen-5-5500u-8gb-de-ram-256gb-ssd-amd-radeon-rx-vega-7-1366x768px-windows-11-home/p/MCO19904824?pdp_filters=category:MCO1652#searchVariation=MCO19904824&position=23&search_layout=stack&type=product&tracking_id=cf05338e-e0b7-4e9b-a0e7-132e1491473f,"Laptop HP 245 G8 negra 14"", AMD Ryzen 5 5500U  8GB de RAM 256GB SSD, AMD Radeon RX Vega 7 1366x768px Windows 11 Home",1.504.000,"Bucaramanga, Santander.",+1000,10 calificaciones,4.5,"['Excelente, vino con todos los programas necesarios del dia a dia.', 'Justo como lo necesitaba a un buen precio.', 'Excelente producto y excelente calidad.', 'No es el equipo que ped칤 muy mal.', 'Excelente portatil, muy r치pido.']"
https://www.mercadolibre.com.co/laptop-hp-255-g7-gris-156-amd-athlon-3020e-8gb-de-ram-1tb-hdd-amd-radeon-rx-vega-3-1366x768px-freedos/p/MCO18638127?pdp_filters=category:MCO1652#searchVariation=MCO18638127&position=27&search_layout=stack&type=product&tracking_id=cf05338e-e0b7-4e9b-a0e7-132e1491473f,"Laptop HP 255 G7 gris 15.6"", AMD Athlon 3020E  8GB de RAM 1TB HDD, AMD Radeon RX Vega 3 1366x768px FreeDOS",1.500.000,"Chapinero, Bogot치 D.C..",+50,247 calificaciones,4.5,"['Me ha gustado el producto, cumple con sus especificaciones, es r치pido, tipo ofim치tica, para teletrabajo. Yo lo estoy usando para trabajos de uso medio bajo en dise침o como corel, 3ds max, zbrush, ha respondido bien, pero sin multitareas (solo abro el programa que voy a usar, ya con m치s programas hasta la m칰sica suena lageada), lo ideal talvez sea comprarle otro m칩dulo de 8gb de ram para ver si esto mejora y terminar usando 16gb en ram, ello si es que es posible.', 'A칰n no me puedo creer que por tan poca plata, uno pueda comprar un laptop as칤. He de admitir que compr칠 el que trae el hdd de 1tb, con la idea de ponerle un ssd. Pero lo que no me esperaba, ya que es el laptop nuevo m치s econ칩mico que hay en mercadolibre, es que tuviese un puerto pcie libre, listo para instalar un ssd m. 2 nvme. De modo que solo hay que retirar la tapa inferior y la bater칤a (por seguridad), y el ssd est치 listo para recibir la migraci칩n o el nuevo so.\nLas pruebas que hice antes de poner el ssd, fueron tan bien, que cre칤 in칰til la compra del ssd, ya que arrancaba en unos 40 segundos, y abr칤a los programas muy r치pido. A칰n as칤 yo recomiendo poner el ssd para sentir que el ordenador vuela.\nLa duraci칩n de la bater칤a es suficiente para trabajar lejos de la red el칠ctrica, la pantalla tiene un brillo y una resoluci칩n m치s que aceptables, y al ser un procesador que solo consume 6w, es muy silencioso, y apenas se nota calor en una zona muy concreta, y no es nada extraordinario, simplemente se nota un poco m치s caliente.\nEl laptop es bastante plano, pese a tener unidad de dvd, y muy ligero. Y aunque todo est치 hecho en pl치stico, la sensaci칩n es de bastante robustez.\nMe result칩 tan buena compra, que d칤as m치s tarde, hab칤a una oferta a칰n mejor que la m칤a, y compr칠 otro para mi esposa.\nEst치 claro que no se trata de un ibook pro, y si alguien espera obtener un resultado similar, es que vive en otro planeta. Pero para tener un precio tan bajo (930. 000 en mayo de 2022) 춰cumple!.', 'Creo que no se le puede pedir m치s a un laptop de este precio. Este es el segundo que compro, ya que me pareci칩 estupendo, y no me pude resistir al precio de 865. 785 pesos. Este segundo tambi칠n le instale un ssd adata swordfish de 250gb, y lo actualic칠 a windows 11.\nHab칤a le칤do las rese침as que hab칤an hecho otros usuarios, y me esperaba muy poco en realidad. Pero he de reconocer que el amd 3020e, es bastante buen procesador, pese a ser el m치s sencillo que se fabrica hoy en d칤a. Lleva la gr치fica integrada radeon vega 3, que cumple bien, ya que el laptop trae 8gb de ram, lo cual permite al sistema destinar 2gb a la gr치fica. Habr칤a que ponerla a prueba con un juego m치s exigente, pero yo hice la prueba con el gta san andreas, y lo corr칤a bien.\nEstoy convencido que muchos usuarios dir치n que se queda corto en cuanto a su rendimiento, pero para la gran mayor칤a, esta configuraci칩n (amd 3020e, 8gb de ddr4, dvd y un hdd de 1 tb) es suficiente. Ya sea para trabajo de ofim치tica, o para un uso dom칠stico normal, creo que cumple m치s que de sobra, y por ese precio no va a encontrar nada parecido.', 'Funciona 10/10 como se especific칩 ped칤 que me dieran con windows 10 y viene como ped칤. Tiene unidad de cd que es algo que necesitaba si o si. Complet칤simo para las tareas normales (no lo he probado para juegos, no lo requiero).', 'No es un hp 255 g7 de 15. 6 pulgadas, es un hp 245 g7 de 14 pulgadas, por ende no trae teclado num칠rico y tampoco trae bandeja para dvd. Adem치s no viene con las 8gb de ram que dice la publicaci칩n, s칩lo viene con 6gb ram. En fin, la publicaci칩n describe unas especificaciones, pero el producto que llega tiene especificaciones inferiores y muy distintas.']"
https://click1.mercadolibre.com.co/mclics/clicks/external/MCO/count?a=FFHm4TaoIXHbW1eK8wpTCVbKZKPOMbffL4zFuQUoEc1Jqe2XkQ7Jj3f%2FVJj1g9vmcZTscWHlt7D0Y9Rd7Kz0towD10GXd8LsZj96slj13lVHhsvOxDDc0y%2FqNPdU2OzREz0KwulfrJ8r0EQnMVywQzm%2BtQh8F%2BaAyHmGb2WICVCA5X2GGPfcgX7XUubsyb9LIOfzEJ%2F8TeiyJUB2SGJ4d90UKYxYxQNdQ0Jex%2BbaitgE9W3p3qrg%2F6%2B5RtbI5YYgDFVW21W8tL4R6PrhbWjnGN9FIRoqGqOYnLAisrF5HGTYUZvO2TddigX9Ngn4qEjZwjPWZCsUKhssC9vs7BM0zhzUt3osNu0wRbVY5rWwSmyYJoaZHcT%2FnqBsPLGDmR9vmTYE3uHtWC036xZD90wGr4P5JmWbIdfx%2B%2FUCYSXoLMcXhgG73WIyn%2B8nk%2BnxiMWwZGKiMk17kWqFyv3JC0IjYXhuphY5h2PPPIn3slxy%2Bm8StsWJyAELdMuOXX6J1B0brU%2Bobv8qrRYrht2BJN%2F0KXPSBTdqdiZ82bUK9OqVL8ITJlnntSCF48pSfdrWyjpTEniUs503%2B2p32hP5pnfZsEYpfKAEvfel8GidnSKvM5dcVdYDZQL6%2FyhhYFBbfl2tHin8neNZ2sEmdo9FazZLYnWuBCTLRoR331P0GknR7aiMsHqEfLY8IEmUuCjhW1zDFskuWIyF1MhCWK3wpcMMGlYh&rb=x,Computador Port치til Hp 240 G7 Intel Celeron Ram 8gb Hdd 1 Tb,1.049.900,"Medell칤n, Antioquia.",+100,4 calificaciones,5.0,"['Buen producto, justo como lo describen.', 'Muy bueno el producto gracias lo recomiendo.', 'Exelente, es lo que estaba esperando. Gracias.', 'Hasta el momento no he tenido quejas del pc.']"
https://www.mercadolibre.com.co/laptop-hp-245-g7-negra-14-amd-athlon-3020e-8gb-de-ram-1tb-hdd-amd-radeon-rx-vega-3-1366x768px-freedos/p/MCO18724151?pdp_filters=category:MCO1652#searchVariation=MCO18724151&position=32&search_layout=stack&type=product&tracking_id=cf05338e-e0b7-4e9b-a0e7-132e1491473f,"Laptop HP 245 G7 negra 14"", AMD Athlon 3020E  8GB de RAM 1TB HDD, AMD Radeon RX Vega 3 1366x768px FreeDOS",1.078.496,"Chapinero, Bogot치 D.C..",+50,412 calificaciones,4.6,"['Me gusta mucho el port치til, el m칤o vino con linux fedora, nunca hab칤a utilizado alguna distribuci칩n linux antes, pero result칩 f치cil si te tomas con tranquilidad tu tiempo. Me gusta como se ve la pantalla del port치til. Me gust칩 el teclado y la fluidez. Recomiendo a los interesados comprar este equipo sin temor. En mi caso todo sali칩 bien.', 'La verdad no me gust칩 para nada el producto, demasiado lento, la bater칤a no demora m치s de dos horas en uso. No lo recomiendo.', 'Hace dos meses compr칠 un equipo de estos y necesito saber la ubicaci칩n de su establecimiento para llevarlo por temas de garant칤a.\nEspero su pronta respuesta.\nGracias.', 'Este producto no es como dice, ni tiene 2 ranuras para memoria ram, por lo tanto no se puede mejorar con una memoria ddr4 de 2gb o 4gb extra.', 'Presento fallas, despued de 15 dias se puso lento. Al parecer necesito que lo revicen porfavor gracias.']"
https://www.mercadolibre.com.co/laptop-hp-240-g7-plateado-ceniza-oscuro-14-intel-celeron-n4000-4gb-de-ram-500gb-hdd-intel-uhd-graphics-600-1366x768px-windows-10-home/p/MCO16950784?pdp_filters=category:MCO1652#searchVariation=MCO16950784&position=34&search_layout=stack&type=product&tracking_id=cf05338e-e0b7-4e9b-a0e7-132e1491473f,"Laptop HP 240 G7 plateado ceniza oscuro 14"", Intel Celeron N4000  4GB de RAM 500GB HDD, Intel UHD Graphics 600 1366x768px Windows 10 Home",1.100.000,"Chapinero, Bogot치 D.C..",+100,334 calificaciones,4.7,"['Buenas tardes, hasta el momento me a parecido de muy buena calidad y en cuanto al sistema muy r치pido.', 'Excelente el producto. Cumple con todas las especificaciones de la publicaci칩n. La c치mara es buena aunque la calidad no es la mejor. Es el 칰nico detalle que vimos pero igualmente es aceptable por el precio del equipo.', 'Me parecio muy buen equipo comparado con el precio. Tenia mis dudas al leer ciertos comentarios pero por el momento no me arrepiento de mi compra, trae lo que ofrecen y me gusto mucho que trajera una hoja de recomendaciones para tener un mejor uso y aprovechamiento del equipo.', 'Cumple con lo que dice, me la pasaba leyendo los comentarios para decidirme si si o si no y pues me decid칤 por el si y no me arrepiento de mi decisi칩n ya que el producto me sirve como tanto para jugar como tambi칠n para proyectos que hago.', 'Es una muy buena m치quina para el trabajo b치sico ya que es bastante 치gil es muy liviana y la resoluci칩n de la pantalla se excelente adem치s tiene muy buena duraci칩n de bater칤a, por mejorar ser칤a que instalar치n el paquete de office para que no pida actualizaciones de sistema pero por lo dem치s excelente equipo adem치s con las l칤neas muy agradables a la vista.']"
https://www.mercadolibre.com.co/laptop-asus-vivobook-x415ja-transparent-silver-14-intel-core-i3-1005g1-4gb-de-ram-1tb-hdd-intel-uhd-graphics-g1-1920x1080px-linux-endless/p/MCO18486293?pdp_filters=category:MCO1652#searchVariation=MCO18486293&position=35&search_layout=stack&type=product&tracking_id=cf05338e-e0b7-4e9b-a0e7-132e1491473f,"Laptop Asus VivoBook X415JA transparent silver 14"", Intel Core i3 1005G1  4GB de RAM 1TB HDD, Intel UHD Graphics G1 1920x1080px Linux Endless",1.820.000,"Chapinero, Bogot치 D.C..",+50,87 calificaciones,4.7,"['F칤sicamente est치 muy bien,su pantalla, su estructura, la customizaci칩n de 4gb de ram con el hdd hacen que sea un equipo que a pesar de tener un i3 de 10ma sea bastante lento para su categor칤a, toca invertirle un poco m치s para al menos 8 de ram y una ssd y seguro andar치 bastante bn.', 'Excelente el sistema operativo endless, para los que no queremos virus, ni pagar m치s (por software privativo) es una opci칩n bastante viable para usuarios standard.', 'Excelente producto muy bonito y buena relacion calidad precio.', 'I muy bonito y todo pero 쯘n donde est치 el teclado retroiluminado? no deber칤an poner en la descripci칩n cosas con las que el pc no cuenta en realidad.', 'Muy buen port치til tiene una funci칩n de ahorro para los gr치ficos es por eso que se pixelada las im치genes pero por lo dem치s funciona bastante bien.']"
https://www.mercadolibre.com.co/laptop-dell-inspiron-3505-silver-156-amd-ryzen-5-3450u-8gb-de-ram-256gb-ssd-amd-radeon-rx-vega-8-ryzen-20003000-60-hz-1366x768px-windows-11-home/p/MCO16537306?pdp_filters=category:MCO1652#searchVariation=MCO16537306&position=38&search_layout=stack&type=product&tracking_id=cf05338e-e0b7-4e9b-a0e7-132e1491473f,"Laptop Dell Inspiron 3505 silver 15.6"", AMD Ryzen 5 3450U  8GB de RAM 256GB SSD, AMD Radeon RX Vega 8 (Ryzen 2000/3000) 60 Hz 1366x768px Windows 11 Home",1.980.000,"Chapinero, Bogot치 D.C..",+50,,,[]
https://www.mercadolibre.com.co/macbook-air-m2-2022-space-gray-136-apple-m2-8gb-de-ram-256gb-ssd-apple-m2-10-core-gpu-2560x1664px-macos/p/MCO19563444?pdp_filters=category:MCO1652#searchVariation=MCO19563444&position=40&search_layout=stack&type=product&tracking_id=cf05338e-e0b7-4e9b-a0e7-132e1491473f,"MacBook Air M2 2022 space gray 13.6"", Apple M2  8GB de RAM 256GB SSD, Apple M2 10-Core GPU 2560x1664px macOS",5.990.000,"Medell칤n, Antioquia.",+25,16 calificaciones,5.0,"['Me gust칩 mucho, solo que no me di cuenta que el teclado era en ingles y eso me ha costado un poco.', 'Excelente y con el teclado en espa침ol!.', 'Muy potente y c칩modo a ese precio no decepciona.', 'Hasta ahorita todo bien.', 'Es tal cual se describe, tengo en cuenta que partir del modelo cuentan 10 a침os de para que apple no le saque mas actualizaciones, excelente compra.']"
https://www.mercadolibre.com.co/macbook-air-m2-2022-midnight-136-apple-m2-8gb-de-ram-512gb-ssd-apple-m2-10-core-gpu-2560x1664px-macos/p/MCO20653445?pdp_filters=category:MCO1652#searchVariation=MCO20653445&position=44&search_layout=stack&type=product&tracking_id=cf05338e-e0b7-4e9b-a0e7-132e1491473f,"MacBook Air M2 2022 midnight 13.6"", Apple M2  8GB de RAM 512GB SSD, Apple M2 10-Core GPU 2560x1664px macOS",8.180.000,"Cali, Valle Del Cauca.",+1000,16 calificaciones,5.0,"['Me gust칩 mucho, solo que no me di cuenta que el teclado era en ingles y eso me ha costado un poco.', 'Excelente y con el teclado en espa침ol!.', 'Muy potente y c칩modo a ese precio no decepciona.', 'Hasta ahorita todo bien.', 'Es tal cual se describe, tengo en cuenta que partir del modelo cuentan 10 a침os de para que apple no le saque mas actualizaciones, excelente compra.']"
https://www.mercadolibre.com.co/laptop-hp-245-g8-plateado-ceniza-oscuro-14-amd-ryzen-5-3500u-8gb-de-ram-1tb-hdd-amd-radeon-rx-vega-8-ryzen-20003000-1366x768px-windows-10-home/p/MCO18632875?pdp_filters=category:MCO1652#searchVariation=MCO18632875&position=45&search_layout=stack&type=product&tracking_id=cf05338e-e0b7-4e9b-a0e7-132e1491473f,"Laptop HP 245 G8 plateado ceniza oscuro 14"", AMD Ryzen 5 3500U  8GB de RAM 1TB HDD, AMD Radeon RX Vega 8 (Ryzen 2000/3000) 1366x768px Windows 10 Home",1.730.000,"Chapinero, Bogot치 D.C..",+100,,,[]
https://www.mercadolibre.com.co/apple-macbook-air-13-pulgadas-2020-chip-m1-256-gb-de-ssd-8-gb-de-ram-plata/p/MCO17828520?pdp_filters=category:MCO1652#searchVariation=MCO17828520&position=46&search_layout=stack&type=product&tracking_id=cf05338e-e0b7-4e9b-a0e7-132e1491473f,"Apple Macbook Air (13 pulgadas, 2020, Chip M1, 256 GB de SSD, 8 GB de RAM) - Plata",4.699.999,"Medell칤n, Antioquia.",+100,87 calificaciones,4.9,"['El computador es una maravilla en todo sentido. La mejor calidad con un hardware incre칤ble y lo mejor es que el precio es mucho m치s econ칩mico que en las tiendas apple.', 'Vino de fabrica con un pixel muerto y con problemas de teclado y trackpad. En soporte apple cambiaron pantalla pero no se soluciono el problema del teclado y trackpad. Nadie responde.', 'Viene con el empaque original, es una belleza xd. Super recomendado!!!.', 'Excelente, no estaba confiada de comprar este tipo de productos en una p치gina que no fuera mac o apple, pero realmente vale la pena, 100% recomendado.', 'Sensacional como todos los productos de apple, acorde a las especificaciones, nuevo y sellado de fabrica, la velocidad, la calidad del producto lo maximo, super recomendado como equipo de trabajo, para la universidad y para el entretenimiento multimedia que desees. Excelente. Muchas gracias.']"
https://www.mercadolibre.com.co/laptop-lenovo-v-series-v14-iil-iron-gray-14-intel-core-i3-1005g1-8gb-de-ram-256gb-ssd-intel-uhd-graphics-g1-1366x768px-windows-10-pro/p/MCO18057411?pdp_filters=category:MCO1652#searchVariation=MCO18057411&position=48&search_layout=stack&type=product&tracking_id=cf05338e-e0b7-4e9b-a0e7-132e1491473f,"Laptop Lenovo V-Series V14-IIL  iron gray 14"", Intel Core i3 1005G1  8GB de RAM 256GB SSD, Intel UHD Graphics G1 1366x768px Windows 10 Pro",1.650.000,"Chapinero, Bogot치 D.C..",+100,,,[]
https://www.mercadolibre.com.co/laptop-gamer-asus-tuf-dash-f15-negra-eclipse-156-intel-core-i7-11370h-8gb-de-ram-512gb-ssd-nvidia-geforce-rtx-3050-ti-144-hz-1920x1080px-windows-10/p/MCO18564429?pdp_filters=category:MCO1652#searchVariation=MCO18564429&position=50&search_layout=stack&type=product&tracking_id=cf05338e-e0b7-4e9b-a0e7-132e1491473f,"Laptop gamer Asus TUF Dash F15 negra eclipse 15.6"", Intel Core i7 11370H  8GB de RAM 512GB SSD, NVIDIA GeForce RTX 3050 Ti 144 Hz 1920x1080px Windows 10",5.999.900,"Suba, Bogot치 D.C..",+100,12 calificaciones,5.0,"['Este es un gran computador para casi cualquier cosa, en t칠rminos de usos generales y ""de oficina"" es una m치quina impecable, sirve de maravilla, en t칠rminos de gaming, es un gran computador para iniciarse en juegos grandes y potentes, puede correr juegos con muy buena calidad. Los materiales de contrucci칩n del equipo me parecen de gran calidad y tiene un aspecto muy elegante aunque intr칠pido.', 'Espectacular, tremendo equipo, s칰per potente.', 'Excelente port치til. Cuenta con el el ultimo procesador y con una tarjeta de video bastante buena. La ram y el ssd funcionan a la perfecci칩n. Mas contento no puedo estar!.', 'Muy buen laptop. Me gust칩 mucho.', 'Excelente equipo y nada extravagante. Se puede usar para trabajo pesado de desarrollo y para jugar videojuegos aaa. Se calienta bastante cuando funciona la grafica pero despu칠s de mas de dos horas de juego el rendimiento se mantuvo.']"
https://click1.mercadolibre.com.co/mclics/clicks/external/MCO/count?a=Qq0O3HshZWP9lD2z3OjDed2eOI88DzvFXI%2BBOhIWfoEBPlfSmWw%2BAHXmziazOqT5afV7dOirIh4QC01xEdeOd9XplCDWVWnDelIRd%2FVzRG3Qx1vWMyGTszMt8KHPqVKDDCFMViZ8jYgNwghCeTQZGJGdVZTVrUuF7%2F%2BCKXsbL17X9rl5LutkS6m3OmIui8wbN%2B1Ee8%2BvQ8Rz9Za7Y2NNc5vusbbPx8ogQ3uigpXFIEFo1qRQ03kEPrt928x%2B9rlebfQw9kdXhTJDVeXw8SyZZo0J793K3ED%2BQSivc%2BMRmabjXW%2FP9xDvlIAWElHG4XBXuCxZn%2FnaiNFi%2BU9fbpT09Ke9tcl%2Bc%2BAw%2F2ozZgDCs%2BmujPaEurfTTYxRtz2BnT3aAxCrQ98uvJo4Git%2Br9IS83RBnn14af5B1hdqGIm3JKU%2B6ZQXT2xOovCw5csG6DEKt8DwsbREMMGkPlk94P%2BMC8ZS6I8q4A5clHfb3MxzQVyygrs2JNQBU1WVV%2Bs5IuW49k6KpvmUxh%2BeAOgIjJRO0h2U%2Bs984EoNvQl7pz2e5XWf9oBVIy9s%2FuFatRV3NSrOxlJyjU3w3hYcnW341lTwk%2F37UcyH903LPZQX%2BCQURKX8G3N6R6%2Brln8YDaMYMMZDtRzT2G5JSR0cFhPrdX6%2FwM1rBh6mm6Z105fo%2FVhzEMqRiFt3RKr28DSM9PTbmB%2B4R3fUdWWV5pL%2FJNSb1Q%3D%3D&rb=x,Port치til Dell Vostro 3400 I5-1135g7 16gb Ssd 250 + 1tb Win10,3.012.800,"Suba, Bogot치 D.C..",+500,,,[]
https://click1.mercadolibre.com.co/mclics/clicks/external/MCO/count?a=61%2BYUSGejUIVoLlggp0d8O%2FXpux1M4CuJxiXoCP7ZQXvx2tbAVxjLc2MtMv87gfhaAcHfqh7XfRFuArl%2FCXh1CknCcfQT0ld2ymzqVyviU%2Bs9crpEPb%2BP9E%2FRkoLUJum1OStjs6qBI05SIkbx1ERij9uHQoyJYyiYdXXLQ8TeBoplH6MvOO%2BGXOjOX45QmDDO%2Bx2BhE2kYbjRJOa2%2BloV8VAjpPAx4bP%2BKbbL7HYCSMzdKUAnPth3x%2BnarDtsXG9DPZMXkA65Q0dAq7QIAol68RGKyzuYce55l6GSzrTq8aoZ3%2F1IvUrweFnH%2FO98eDVDQ8KpjUqLXyf5GpmG3Yxrr8L0Po3dcUrQsEF3C5XNF1W6XwrUaKuUJoPzayFJZ0VNZq%2FazKcQJnWuPrwUaUtXXEvv903jcAHW3uRj%2BMQl%2FsJEejn7ah1ytISviIrajROWU%2BwdiwieFOZTbETlZDYhRNPzx1wg5S8o1ERrgUoFffGNcWLi529KgXPRAXhMn1pOjxsVr7Qkmd%2F3hjqvOUg96whESjkefRbnjpuP48xIkXRK2049258Wco3ZGhcJwK6oxseNEopw0DwSEGAlsvZcy3ioCtBspalbFQA%2B8%2FSowrxN%2FK7JCrzcZZ%2BEeMKKESnNke0jE2Ty14ULLA6uGjMpiLUl6MKz4J428YvTZcb2vp59ytt38rGqhZeUqFrEQfqzTNdraLXo71CpsatGA%3D%3D&rb=x,Portatil Lenovo Intel I3 1115g4 Onceava Ram 12gb Ssd 512gb ,2.411.286,"Suba, Bogot치 D.C..",+500,,,[]
https://www.mercadolibre.com.co/laptop-dell-vostro-3490-negra-14-intel-core-i5-10210u-8gb-de-ram-1tb-hdd-intel-uhd-graphics-60-hz-1366x768px-windows-10-pro/p/MCO17333609?pdp_filters=category:MCO1652#searchVariation=MCO17333609&position=3&search_layout=stack&type=product&tracking_id=9d58e98d-d0c8-473f-9031-d50432ee747f,"Laptop Dell Vostro 3490 negra 14"", Intel Core i5 10210U  8GB de RAM 1TB HDD, Intel UHD Graphics 60 Hz 1366x768px Windows 10 Pro",2.150.000,"Chapinero, Bogot치 D.C..",+500,68 calificaciones,4.6,"['Super el computador, corre muy bien el so, adem치s de programas de dise침o sin lagueo, full navegaci칩n y no se calienta para nada, es sin lugar a dudas una excelente opci칩n de calidad vs precio.', 'Excelente producto era lo que me esperaba de la marca dell los materiales s칰per pantalla y todo super no tengo ninguna queja va super r치pido eso si yo lo modifique a solo un m칩dulo de memoria ram de 16gb a 3200mhz y ya le compre otra igual y va super bien y va con windows 11 pro lo recomiendo mucho para el d칤a a d칤a para trabajos y la bater칤a hasta el momento me a durado m치s o menos como 5 horas.', 'Buen pc, le dura bastante la bater칤a y el rendimiento es muy optimo en general.', 'Compre esta laptop estando en otro pa칤s para el d칤a de la madre y no hab칤a podido venir a colombia y reci칠n pude verla y me doy cuenta que no es de una tera, adem치s de que es muy lenta. No la recomiendo.', 'Muy buen equipo en relaci칩n calidad /precio, lo 칰nico que le falta es mayor calidad en la pantalla, pero en cuanto a rendimiento, lo que llevo us치ndolo ha sido muy bueno. Me parece una gran opci칩n por su precio.']"
https://www.mercadolibre.com.co/portatil-asus-tuf-a15-r7-5800h-rtx-3060-ram-16gb-m2-512gb/p/MCO21925334?pdp_filters=category:MCO1652#searchVariation=MCO21925334&position=5&search_layout=stack&type=product&tracking_id=9d58e98d-d0c8-473f-9031-d50432ee747f,Port치til Asus Tuf A15 R7 5800h Rtx 3060 Ram 16gb M.2 512gb,6.490.000,"Cali, Valle Del Cauca.",+1000,,,[]
https://www.mercadolibre.com.co/laptop-asus-x415ea-gris-14-intel-core-i3-1115g4-4gb-de-ram-256gb-ssd-intel-uhd-graphics-xe-g4-48eus-1920x1080px-linux-endless/p/MCO19605998?pdp_filters=category:MCO1652#searchVariation=MCO19605998&position=6&search_layout=stack&type=product&tracking_id=9d58e98d-d0c8-473f-9031-d50432ee747f,"Laptop Asus X415EA gris 14"", Intel Core i3 1115G4  4GB de RAM 256GB SSD, Intel UHD Graphics Xe G4 48EUs 1920x1080px Linux Endless",1.450.000,"Chapinero, Bogot치 D.C..",+50,,,[]
https://click1.mercadolibre.com.co/mclics/clicks/external/MCO/count?a=FG8gEZngwH86aiU0z%2BECH6DP7uTM%2Fyb5r1S9WQ3iVupDgF1Mdk14VgTYhbvgFFwZTIU%2FEmZMFCFJGySAOOXDDGUD3F9XA1KImyrLJMwwwmBUBnIRbyS8F0%2B6ADvAC256vALbJ5tuCSHr%2BPzSQoD0JVNOFpgWDSltyEtzszWPynfgqeU%2BN%2FVmhKhfnQpseuBYHW%2Byp9Hmd7%2FDBMYmJLy%2BYZO6rMEAY2YuIcmKnF6%2BJhOSF0lUnAm2ecHrUOLiG%2BK7M3siePDAPDJ%2Bt7HSka8QjPnxmjeH1688IXWv0TuziQCDYExtcvCpbJxtORkPLjcqo1BFKgZ6RRBjhh0A%2BjikxoS0tkAs6z%2BEhRPqhHqFQic1egC%2F5PUTlXDy9tOIt6l%2FOHZSwFwrsbf7nHiNcwPZSsfO%2BV0xNgCMmLShvOdQck71E2VwuEvcweN726jud%2FvabRSqdl0sBucN3vYv6mstb2UrpzflyklXywV7n9MZOUHCEIGv2QAh2yh5c4lQFedb7GkbXdsnA%2B6zZrnfaHfusqq5EdQr6NfaIFTjECKbnlWkW602IBn2Wj8ZdwBZI%2BTrmVRl28brOTx9IGx0x4Vpc0Y8z6ykX88wHXtKS0ZaDtlq%2B3LwPQDMNhzmEZMlCAdaZdqVC9lK%2Fw6UqYZI3BQArjkFGqDQl2UZzKkvnA6jOp%2FOKsN0dREX3FgrnXdQPCWOhyJ7n6%2FRVjzm4ophjEl3gL0%3D&rb=x,Laptop Hp 240 G8 Intel Celeron N4120 8gb 256gb Ssd Windows10,1.200.000,"Chapinero, Bogot치 D.C..",+1000,4 calificaciones,4.0,"['La pantalla es de muy baja calidad no recomiendo este conputador al ver un video los colores se ven muy mal.', 'Excelente este producto. Compre 5 pc.', 'Excelente todo.']"
https://www.mercadolibre.com.co/macbook-pro-16-inch-2023-space-gray-162-apple-m2-pro-16gb-de-ram-512gb-ssd-apple-m2-pro-19-core-gpu-120-hz-3456x2234px-macos/p/MCO21515536?pdp_filters=category:MCO1652#searchVariation=MCO21515536&position=8&search_layout=stack&type=product&tracking_id=9d58e98d-d0c8-473f-9031-d50432ee747f,"MacBook Pro 16-inch 2023 space gray 16.2"", Apple M2 Pro  16GB de RAM 512GB SSD, Apple M2 Pro 19-Core GPU 120 Hz 3456x2234px macOS",13.564.000,"Antonio Nari침o, Bogot치 D.C..",+100,,,[]
https://www.mercadolibre.com.co/laptop-hp-15-dw1078la-negra-156-intel-core-i3-10110u-12gb-de-ram-256gb-ssd-intel-uhd-graphics-620-1366x768px-windows-10-home/p/MCO18912478?pdp_filters=category:MCO1652#searchVariation=MCO18912478&position=14&search_layout=stack&type=product&tracking_id=9d58e98d-d0c8-473f-9031-d50432ee747f,"Laptop HP 15-dw1078la negra 15.6"", Intel Core i3 10110U  12GB de RAM 256GB SSD, Intel UHD Graphics 620 1366x768px Windows 10 Home",1.600.000,"Kennedy, Bogot치 D.C..",+5mil,,,[]
https://www.mercadolibre.com.co/macbook-air-m1-2020-plata-133-apple-m1-8gb-de-ram-256gb-ssd-apple-m1-8-core-gpu-2560x1600px-macos/p/MCO18619156?pdp_filters=category:MCO1652#searchVariation=MCO18619156&position=15&search_layout=stack&type=product&tracking_id=9d58e98d-d0c8-473f-9031-d50432ee747f,"MacBook Air M1 2020 plata 13.3"", Apple M1  8GB de RAM 256GB SSD, Apple M1 8-Core GPU 2560x1600px macOS",5.507.900,"Chapinero, Bogot치 D.C..",+100,37 calificaciones,5.0,"['La verdad es que es una super m치quina, super fluido para casi todo los programas que uso, excelente para edici칩n de video e imagines, la pantalla es una belleza, para programaci칩n 10 de 10. Un port치til que le puede funcionar a cualquiera para trabajar o estudiar, la autonom칤a es incre칤ble nunca hab칤a tenido un port치til que le durar치 tanto la bater칤a. Aguanta todo un d칤a sin cargar. Eso s칤 para juegos no es tan bueno, por la refrigeraci칩n y el tema de los puertos tipo usb c si es algo molesto, pero con un convertidor se soluciona sin ning칰n problema. En mi opini칩n es el mejor port치til relaci칩n precio calidad y si tienes un ipad compatible es una experiencia 칰nica trabajar con los 2 dispositivos. Est칠ticamente tambi칠n es una belleza. Sin duda alguna es una excelente inversion.', 'Excelente inversion, nuevo, sellado a muy buen precio. Es muy rapido y no hace nada de ruido ni se calienta, recomendado 100%.', 'Muy bueno acorde a la descripcion, el se침or muy honesto.', 'Fue lo esperado luego de analizar por d칤as si tomaba la decisi칩n. Funciona perfectamente.', 'Producto.\nEn su caja original sellada. Satisfacci칩n total como mi macbook air, es rapid칤simo.']"
https://www.mercadolibre.com.co/laptop-lenovo-ideapad-s145-14ast-negra-onix-14-amd-a4-series-9125-4gb-de-ram-500gb-hdd-amd-radeon-r3-1366x768px-windows-10-home/p/MCO18621901?pdp_filters=category:MCO1652#searchVariation=MCO18621901&position=16&search_layout=stack&type=product&tracking_id=9d58e98d-d0c8-473f-9031-d50432ee747f,"Laptop Lenovo IdeaPad S145-14AST  negra onix 14"", AMD A4-Series 9125  4GB de RAM 500GB HDD, AMD Radeon R3 1366x768px Windows 10 Home",1.066.622,"Chapinero, Bogot치 D.C..",+100,47 calificaciones,4.7,"['Buen equipo me gusto esta configurado.', 'Me ha parecido un excelente producto, para el precio esta muy bien, su rendimiento es bueno y para el trabajo esta super, se queda un poco corto en lo respecta a la bater칤a pero de resto todo bien.', 'Excelente! no s칠 mucho de tecnolog칤a, pero para lo que la necesito est치 m치s que bien! el precio lo mejor.', 'Muy buen equipo. Buena capacidad, resoluci칩n, memoria y velocidad. Excelente herramienta para estudiantes. Mi hija est치 feliz con su equipo nuevo.', 'Buen portatil para su precio, liviano, rapido y bonito.']"
https://click1.mercadolibre.com.co/mclics/clicks/external/MCO/count?a=LdwQIwxfJDQanzU8jYfafNQmi40MPZfUaK%2BI%2BvbyEP6DabPLLGt59nj8jxfcKYi2janVP1Y7dlABcs0SZyLreib6e45zDQk2Usd6Et2AFJa2%2BY0pQ1r%2BioExwWyfJB1mDdSRsiladxv9I107hjeNAuxGNiRR%2BJZp2x5zW5%2FhqJyvmJYecs2SzlMYqgpDbvj4cfiC7HQTMozjna9TtVJBLqqJd6LEreTj1qY6wdIAGR8NEkjb9iIpoqGRAU4LXNMu6G8nFKyQgfhR%2FDr7nnmZy78cuCWf2DFYgPbqAkyovs6m70jF7sqy5NAIX6LKc8CK2RG6x6bVLXGNoXO2Jj7r2ks16MNwDhtkMfWvVmxop%2FMp3edhk9Yf5lyNnSmtFGsqtb2q7clVPLTBlZlefyGR0xsqKKmtul4SI5iSuW5Cpp%2BDIEUAaIwOyBvtHFLAjBkfc1%2BkjfTamJUUqItZ%2B5vvJBXBvikYesZGE8O%2FsA%2FsZ1gNvHKoqNwdvWBcZ%2FC9467de57c4R%2FDM51oKabvItY%2Fh%2BjXVfeBVcTRRBLuACkFE15P1kAbWS%2B2B49opkgjd%2FXR1aXIf3MuHeuwGE34%2BRwjrCdqvAcrZUSEImfwL9PON0JqsyBjuMPDV4BtIR2jTKmT%2BueeoS1jPCz5T0tZGmAMJWji3yGMEJIw7nTn%2BZwyS6%2F6mGYIZeE%2F1hJCHHrxn8F3CE5tFHR%2FZiJaWPqXsNqdyg%3D%3D&rb=x,Laptop Asus K513ea-bq1796 Intel Core I5 1135g7 8gb 512gb Ssd,2.561.500,"Chapinero, Bogot치 D.C..",+1000,,,[]
https://click1.mercadolibre.com.co/mclics/clicks/external/MCO/count?a=r9NYSHCFJNNM8etCaneJk%2BV8oD8NowLBCRnY%2F0PTPGAo221NGPDSdMDlXOgoufU%2BhylwYI%2BeoAsW0j9LHyAUFDwCghq6co8s9m%2FGGBCKYkoRdvJbXtT3CBSnq9JYtGJGSQjnmH%2FlOwzCaZRhAnx%2FJEYVwVizs4xRrZCpAr%2BaaI%2Fjcfl8iRPlxtcvA4lOvKRDrGEWU2SlTkhU5UNVB0nhvXNik8AduqlHTWGqdmmVeDQXV%2BiurxWBr2nyHdXRWr6ikI%2F1Ci%2FIgdZ8fJd8LBMWVmhr9ghmQqEgQPELiwMQvtthnir7EaXft4mBRam3UE8oZz4pR6ZBugQeltbu%2BlESwEcht4BSVZQ1SXG%2BOA7GuGsygxCst9tMWA1weTs8e7QLlmZwgOBpO7vjhohRReOK1per0SgeO200Ikmow5b%2BZ7iwEcIzWtdv32QQYDmrYJ9jTne7ClQt%2BuNNHvtwhBam9Jyv5PSvnzfbTJbj7bcJELxZ3ptTUOnv0KqnsYdqhBrwZnS9dERxiUOCJVNQQSyFJ24RdPttRKQ0EMMGqCupYGLxLUdtIylLvm31AdjOtnnOibWPplW6nPJLOqR7PokrVMT4noUCI4mZH7CUYwh2mOkfa%2BemprIPNdzg1jDs25Wlwb26UGPxZI0cl5M13lFRobAD09DUEw3%2Fn6eMPIpvJd%2FBp48dU55TGUWBBe835%2FjHNt5lrIHNIKYt5jg4TjCQ&rb=x,Pot치til Lenovo Thinkpad L480 Core I5 De 7a -128gb Ssd- 8gb (Reacondicionado),1.200.000,"Suba, Bogot치 D.C..",+50,,,[]
https://articulo.mercadolibre.com.co/MCO-1215052198-portatil-asus-tuf-fx516pc-core-i5-16gb-512gb-ssd-rtx-3050-_JM#position=41&search_layout=stack&type=item&tracking_id=9d58e98d-d0c8-473f-9031-d50432ee747f,Portatil Asus Tuf Fx516pc Core I5 16gb 512gb Ssd Rtx 3050,4.550.000,"Cali, Valle Del Cauca.",+1000,,,[]
https://articulo.mercadolibre.com.co/MCO-1192783435-portatil-asus-r5-4600h-24gb-ram-512gb-solido-wifi6-14pul-_JM#position=42&search_layout=stack&type=item&tracking_id=9d58e98d-d0c8-473f-9031-d50432ee747f,Portatil Asus R5 4600h 24gb Ram 512gb Solido Wifi+6 14pul,3.785.571,"Suba, Bogot치 D.C..",+500,9 calificaciones,4.9,"['Muy buen produnto fisicamente es muy lindo muy rapido la bateria duro un buen tiempo pero si lo colocas en ahorro de bateria dura mas de 5 horas usandolo todo el momento soy programador y por mi trabajo tengo que estar todo el dia en el compu muy feliz con el producto lo malo es el windos 11 jajajajaja del resto super.', 'Bastante r치pido con tareas comunes y con juegos demandantes. Sin embargo, la bater칤a se queda corta.', 'El producto es excelente.', 'Muy buen producto, estrenaron r치pido.']"
https://www.mercadolibre.com.co/laptop-hp-240-g9-plateada-14-intel-celeron-n4500-8gb-de-ram-256gb-ssd-intel-uhd-graphics-jasper-lake-16-eu-1366x768px-windows-11-home/p/MCO19711491?pdp_filters=category:MCO1652#searchVariation=MCO19711491&position=22&search_layout=stack&type=product&tracking_id=9d58e98d-d0c8-473f-9031-d50432ee747f,"Laptop HP 240 G9 plateada 14"", Intel Celeron N4500  8GB de RAM 256GB SSD, Intel UHD Graphics (Jasper Lake 16 EU) 1366x768px Windows 11 Home",1.080.000,"Chapinero, Bogot치 D.C..",+50,,,[]
https://www.mercadolibre.com.co/laptop-lenovo-ideapad-15iml05-abyss-blue-156-intel-core-i3-10110u-8gb-de-ram-1tb-hdd-128gb-ssd-intel-uhd-graphics-620-1920x1080px-windows-11-home/p/MCO18732509?pdp_filters=category:MCO1652#searchVariation=MCO18732509&position=23&search_layout=stack&type=product&tracking_id=9d58e98d-d0c8-473f-9031-d50432ee747f,"Laptop Lenovo IdeaPad 15IML05  abyss blue 15.6"", Intel Core i3 10110U  8GB de RAM 1TB HDD 128GB SSD, Intel UHD Graphics 620 1920x1080px Windows 11 Home",1.519.911,"Medell칤n, Antioquia.",+100,31 calificaciones,4.8,"['Es perfecto, desde los colores, acabado, imagen, peso, rendimiento. Me encant칩!.', 'Bueno,cuando instale lo que necesito y vea trabajando al 100 % doy un mayor concepto.', 'Excelente precio y calidad.', 'Excelente muy contenta un poco demorado pero vali칩 la pena.', 'Excelente equipo.']"
https://articulo.mercadolibre.com.co/MCO-1236953465-apple-macbook-air-13-mly33ea-m2-8gb-256gb-mac-os-2022-azul-_JM#position=44&search_layout=stack&type=item&tracking_id=9d58e98d-d0c8-473f-9031-d50432ee747f,Apple Macbook Air 13 Mly33e/a M2 8gb 256gb Mac Os 2022 Azul,6.500.000,"Cali, Valle Del Cauca.",+1000,,,[]
https://www.mercadolibre.com.co/hp-156-laptop-amd-ryzen-5-12gb-memory-256gb-ssd-w11h/p/MCO19717013?pdp_filters=category:MCO1652#searchVariation=MCO19717013&position=25&search_layout=stack&type=product&tracking_id=9d58e98d-d0c8-473f-9031-d50432ee747f,Hp 15.6  Laptop - Amd Ryzen 5 - 12gb Memory - 256gb Ssd W11h,2.189.700,"Usaqu칠n, Bogot치 D.C..",+50,,,[]
https://articulo.mercadolibre.com.co/MCO-1215201004-portatil-asus-tuf-fx516pc-core-i5-24gb-512gb-ssd-rtx-3050-_JM#position=47&search_layout=stack&type=item&tracking_id=9d58e98d-d0c8-473f-9031-d50432ee747f,Portatil Asus Tuf Fx516pc Core I5 24gb 512gb Ssd Rtx 3050,4.650.000,"Cali, Valle Del Cauca.",+1000,,,[]
https://www.mercadolibre.com.co/laptop-gamer-lenovo-ideapad-15ach6-shadow-black-156-amd-ryzen-5-5600h-8gb-de-ram-512gb-ssd-nvidia-geforce-rtx-3050-120-hz-1920x1080px-windows-10-home/p/MCO18953611?pdp_filters=category:MCO1652#searchVariation=MCO18953611&position=26&search_layout=stack&type=product&tracking_id=9d58e98d-d0c8-473f-9031-d50432ee747f,"Laptop gamer Lenovo IdeaPad 15ACH6  shadow black 15.6"", AMD Ryzen 5 5600H  8GB de RAM 512GB SSD, NVIDIA GeForce RTX 3050 120 Hz 1920x1080px Windows 10 Home",4.299.000,"Suba, Bogot치 D.C..",+100,25 calificaciones,4.9,"['Muy buen computador, anda bastante r치pido. Corre bien los programas de adobe, autocad, revit y lumion.', 'Definitivamente la mejor compra posible. Lenovo es lenovo. El equipo es muy r치pido, se percibe potente, en juegos rinde considerablemente bien. El teclado es personalizable en su iluminaci칩n y es espectacular. Los 120 hz de pantalla hacen que todo se vea mas fluido aun. Lo volver칤a a comprar.', 'Cumple con su rendimiento seg칰n sus especificaciones, los 칰nicos defectos que le veo son el poco espacio de almacenamiento, aunque es ampliable, la calidad de los altavoces y el brillo de la pantalla, pero creo q por un equipo en este rango de precio, 칠ste est치 muy por encima de otros.', 'Muy buen pc excelente en funcionamiento y calidad.', 'Excelente equipo buen precio y potencia.']"
https://www.mercadolibre.com.co/laptop-dell-inspiron-3515-negra-155-amd-ryzen-5-3450u-8gb-de-ram-256gb-ssd-amd-radeon-rx-vega-8-ryzen-20003000-1366x768px-windows-11/p/MCO19832347?pdp_filters=category:MCO1652#searchVariation=MCO19832347&position=28&search_layout=stack&type=product&tracking_id=9d58e98d-d0c8-473f-9031-d50432ee747f,"Laptop Dell Inspiron 3515 negra 15.5"", AMD Ryzen 5 3450U  8GB de RAM 256GB SSD, AMD Radeon RX Vega 8 (Ryzen 2000/3000) 1366x768px Windows 11",1.674.788,"Chapinero, Bogot치 D.C..",+50,100 calificaciones,4.6,"['En general buen equipo, responde de forma adecuada en todas las tareas b치sicas y de exigencia intermedia, el 칰nico detalles es el sistema de refrigeraci칩n que al parecer de queda corto para enfriar el ryzen 5, alcanzando temperaturas muy superiores a 70춿 incluso con tareas muy b치sicas como usar el navegador o herramientas de office, el ventilador no es silencioso en lo absoluto, sin embargo, hasta ahora adem치s del ruido que genera el ventilador y las elevadas temperaturas no he tenido problemas por sobrecalentamiento o p칠rdidas en rendimiento por lo mismo, con un coolerpad mejora en forma significativa lo que parece ser un error de dise침o.', 'Despu칠s de varios meses de uso digo lo siguiente como experiencia personal:.\n1. El controlador de video se crashea cada vez que puede congelando windows y obligandote a apagarlo forzado con el bot칩n de power.\n2. El touchpad es demasiado malo con windows y con ubuntu, se pone erratico y veo seg칰n foros de dell que es problema de fabricaci칩n.\n3. Tiene un varibright nativo demasiado molesto que hasta el sol de hoy no se como desactivar.\n4. Se recaliente siempre por lo que es obligatorio comprar un coolerpad para mantener brevemente las temperaturas.\nPd: este computador lo uso exclusivamente para desarrollo se software y por lo que parece, es mejor usarlo con alguna distrinuci칩n de linux.', 'El port치til me sali칩 muy bueno, adem치s de ser r치pido tiene almacenamiento extra de 1 tera disco mec치nico, me soporta bien los programas, inclusive algunos juegos con gr치ficos mu buenos los corre muy bien con facilidad y el tama침o de la pantalla esta muy bien, no se queda y carga muy bien todo, excelente lo recomiendo.', 'Juegan con los precios seg칰n los d칤as de mejor ventas, incluyendo a mercadolibre que ofrece descuentos con m치ster card y no los da.', 'El respaldo de garantia es muy malo.']"
https://articulo.mercadolibre.com.co/MCO-1231605728-portatil-asus-corei7-1165g7-24gb-ssd-512gb-fhd-x515ea-huella-_JM#position=49&search_layout=stack&type=item&tracking_id=9d58e98d-d0c8-473f-9031-d50432ee747f,Portatil Asus Corei7 1165g7 24gb Ssd 512gb Fhd X515ea Huella,3.530.000,"Cali, Valle Del Cauca.",+1000,,,[]
https://www.mercadolibre.com.co/laptop-hp-14-fq1004la-plateada-natural-14-amd-ryzen-3-5300u-8gb-de-ram-512gb-ssd-amd-radeon-rx-vega-6-ryzen-40005000-1366x768px-windows-11-home/p/MCO20950748?pdp_filters=category:MCO1652#searchVariation=MCO20950748&position=30&search_layout=stack&type=product&tracking_id=9d58e98d-d0c8-473f-9031-d50432ee747f,"Laptop HP 14-fq1004la plateada natural 14"", AMD Ryzen 3 5300U  8GB de RAM 512GB SSD, AMD Radeon RX Vega 6 (Ryzen 4000/5000) 1366x768px Windows 11 Home",2.664.480,"Cota, Cundinamarca.",+100,,,[]
https://www.mercadolibre.com.co/laptop-lenovo-v-series-v14-iil-iron-gray-14-intel-core-i3-1005g1-8gb-de-ram-1tb-hdd-intel-uhd-graphics-1366x768px-windows-10-pro/p/MCO16950778?pdp_filters=category:MCO1652#searchVariation=MCO16950778&position=31&search_layout=stack&type=product&tracking_id=9d58e98d-d0c8-473f-9031-d50432ee747f,"Laptop Lenovo V-Series V14-IIL  iron gray 14"", Intel Core i3 1005G1  8GB de RAM 1TB HDD, Intel UHD Graphics 1366x768px Windows 10 Pro",1.712.957,"Chapinero, Bogot치 D.C..",+50,,,[]
https://articulo.mercadolibre.com.co/MCO-1162687423-computador-portatil-asus-gamer-fa506ic-ryzen7-32gb-ssd-512gb-_JM#position=52&search_layout=stack&type=item&tracking_id=9d58e98d-d0c8-473f-9031-d50432ee747f,Computador Port치til Asus Gamer Fa506ic Ryzen7 32gb Ssd 512gb,5.599.900,"Chapinero, Bogot치 D.C..",+500,,,[]
https://www.mercadolibre.com.co/laptop-asus-vivobook-15-x1502-quiet-blue-156-intel-core-i5-1260p-8gb-de-ram-512gb-ssd-intel-iris-xe-graphics-g7-96eus-1920x1080px-windows-11-home/p/MCO20801378?pdp_filters=category:MCO1652#searchVariation=MCO20801378&position=34&search_layout=stack&type=product&tracking_id=9d58e98d-d0c8-473f-9031-d50432ee747f,"Laptop Asus Vivobook 15 X1502 quiet blue 15.6"", Intel Core i5 1260P  8GB de RAM 512GB SSD, Intel Iris Xe Graphics G7 96EUs 1920x1080px Windows 11 Home",2.899.999,"Chapinero, Bogot치 D.C..",+50,8 calificaciones,4.9,"['Lo que buscaba, aparte tiene el teclado con la 침.', 'Excelente equipo, excelente presentaci칩n y calidad.', 'Muy buen computador hasta ahora, buena duraci칩n de bater칤a y la velocidad es excelente para todo lo que necesito hacer.']"
https://www.mercadolibre.com.co/laptop-dell-inspiron-3501-plata-1555-intel-core-i3-1005g1-4gb-de-ram-1000gb-hdd-intel-uhd-graphics-g1-ice-lake-32-eu-60-hz-1366x768px-windows-10-home/p/MCO17396380?pdp_filters=category:MCO1652#searchVariation=MCO17396380&position=35&search_layout=stack&type=product&tracking_id=9d58e98d-d0c8-473f-9031-d50432ee747f,"Laptop Dell Inspiron 3501 plata 15.55"", Intel Core i3 1005G1  4GB de RAM 1000GB HDD, Intel UHD Graphics G1 (Ice Lake 32 EU) 60 Hz 1366x768px Windows 10 Home",1.600.000,"Chapinero, Bogot치 D.C..",+50,,,[]
https://articulo.mercadolibre.com.co/MCO-1117103514-portatil-hp-amd-ryzen-5-5500u-ram-20gb-ssd-256gb-14-fq1052la-_JM#position=53&search_layout=stack&type=item&tracking_id=9d58e98d-d0c8-473f-9031-d50432ee747f,Portatil Hp Amd Ryzen 5 5500u Ram 20gb Ssd 256gb 14-fq1052la,1.950.000,"Cali, Valle Del Cauca.",+1000,,,[]
https://www.mercadolibre.com.co/laptop-hp-15-ef2503la-plateada-natural-156-amd-ryzen-3-5300u-4gb-de-ram-256gb-ssd-amd-radeon-rx-vega-6-ryzen-40005000-1366x768px-windows-11-home/p/MCO19487664?pdp_filters=category:MCO1652#searchVariation=MCO19487664&position=1&search_layout=stack&type=product&tracking_id=ae6cfc7a-b032-454d-ab9f-debb76ff3152,"Laptop HP 15-ef2503la plateada natural 15.6"", AMD Ryzen 3 5300U  4GB de RAM 256GB SSD, AMD Radeon RX Vega 6 (Ryzen 4000/5000) 1366x768px Windows 11 Home",1.570.000,"Cota, Cundinamarca.",+5,10 calificaciones,4.9,"['Excelente equipo. Ideal para estudio e incluso trabajo. Es veloz y eficiente, adem치s quedas con la licencia de windows.', 'Un equipo econ칩mico con la rapidez y fluidez de procesamiento de un gama alta, cumpliendo casi que en su totalidad con las mismas caracter칤sticas e iguales funciones. La pantalla aunque no es led no influye en nada en las labores para la que fue adquirido.', 'Excelente equipo, con todas las caracter칤sticas y funciones.', 'Excelente producto.', 'Una super computadora rapida dibujos nitidos y buena resolucion super recomendada.']"
https://articulo.mercadolibre.com.co/MCO-1125191470-portatil-asus-x1502za-bq243-core-i5-1240p-512ssd-16gb-156-_JM#position=19&search_layout=stack&type=item&tracking_id=ae6cfc7a-b032-454d-ab9f-debb76ff3152,"Port치til Asus X1502za-bq243 Core I5-1240p 512ssd 16gb 15,6 ",3.299.000,"Chapinero, Bogot치 D.C..",+100,7 calificaciones,4.9,"['Excelente equipo, excelente presentaci칩n y calidad.', 'Muy buen computador hasta ahora, buena duraci칩n de bater칤a y la velocidad es excelente para todo lo que necesito hacer.']"
https://articulo.mercadolibre.com.co/MCO-1149953109-portatil-asus-m1502-ryzen-5-4600h-ram-16gb-ssd-512gb-huella-_JM#position=20&search_layout=stack&type=item&tracking_id=ae6cfc7a-b032-454d-ab9f-debb76ff3152,Portatil Asus M1502 Ryzen 5 4600h Ram 16gb Ssd 512gb Huella,2.725.000,"Cali, Valle Del Cauca.",+1000,,,[]
https://www.mercadolibre.com.co/portatil-dell-15-3515-ryzen-5-3450-ssd-500gb-16gb-windows-11/p/MCO22255930?pdp_filters=category:MCO1652#searchVariation=MCO22255930&position=4&search_layout=stack&type=product&tracking_id=ae6cfc7a-b032-454d-ab9f-debb76ff3152,Portatil Dell 15-3515 Ryzen 5 3450 Ssd 500gb 16gb Windows 11,2.049.900,"Chapinero, Bogot치 D.C..",+100,1 calificaci칩n,5.0,"['Lo compr칠 el d칤a sin iva, este pc es lo mejor que se puede encontrar en su segmento, el disco ssd + el ryzen 5 te dan una experiencia fluida, la pantalla es bella y la ergonom칤a del pc da la sensaci칩n de ser m치s caro, la otra ventaja es que es f치cilmente actualizable, tiene para a침adir un disco duro y otro espacio para ram, la bater칤a carga muy r치pido 10/10.']"
https://www.mercadolibre.com.co/laptop-lenovo-v-series-ada-iron-gray-14-amd-athlon-gold-3150u-4gb-de-ram-128gb-ssd-amd-radeon-rx-vega-3-1920x1080px-windows-10-pro/p/MCO17919906?pdp_filters=category:MCO1652#searchVariation=MCO17919906&position=5&search_layout=stack&type=product&tracking_id=ae6cfc7a-b032-454d-ab9f-debb76ff3152,"Laptop Lenovo V-Series ADA  iron gray 14"", AMD Athlon Gold 3150U  4GB de RAM 128GB SSD, AMD Radeon RX Vega 3 1920x1080px Windows 10 Pro",1.458.788,"Chapinero, Bogot치 D.C..",+100,89 calificaciones,4.5,"['Lenovo v14 ada amd athlon gold 3150u. 4 gb ram (soldadas).\nExpandible con un slot para 8 gb ram ddr4-2400 sodimm.\nAdquiri la version con ssd de 128 gb, disponible 80 ya que el sistema ocupa el resto al ser ssd no es recomendado desfragmentarlo asi que cuidado.\nCon programas como ccleaner y dejar libre un 25% de espacio siempre.\nLa bateria, realmente dura poco y bajo brillo para un dia soleado en el exterior.\nPara el precio que lo adquiri es una buena opcion, buen procesador y targeta.\nGrafica integrada, funciona perfectamente para el uso comun, ofimatica, algunos.\nJuegos y edicion suave.\nSe puede expandir el almacenamiento,compren un ssd la velocidad es superior a un hdd, pero deben seguir unas claras especificaciones:.\n1x hdd de 2. 5 ""+ 1x ssd m. 2 2242/2280.\nImpotante el hdd de 2. 5"" hasta 1tb  y el ssd m. 2 2242/ 2280 hasta 512gb.\nSiempre pueden preguntar al comprador o al fabricante cual hdd o ssd es compatible.\nImportante:.\nActualizar lenovo vantage en la microsoft stoe eso soluciona un consumo alto de cpu de dicho programa que produce problemas de audio.\nY rendimiento.\nPara activar clic derecho con el tactil busquen en youtube:.\nFix elan touch pad right click gesture not working.\nDesde el minuto 0:44 solo sigan los que el chico hace y luego reinician.\nRecomiendo bajar el consumo de cpu del windows defender al 25 %.\nLa grafica integrada es mejor que algunas intel.\nEs hd y con super resolucion de amd alcanza fhd virtualizado.', 'Es un buen equipo, no se traba, no se calienta, suele ser r치pido, el 칰nico problema es que se descarga m치s r치pido comparado con otros equipos.', 'La verdad ten칤a mis dudas al comprar este portatil por internet, pero no me arrepiento hasta la fecha, ya llevo un mes con el y hasta el momento me ha funcionado excelente, sus velocidades son buenas, abre todo sin problema y muy rapido, la bateria le dura m치s o menos unas 3 horas.\nEl unico detalle o peque침o problema que tal vez pude encontrar, es que cuando actualizo el windows 10 a su ultima versi칩n, el controlador firmware presenta un peque침o problema y esto hace que cuando encienda el portatil, este se esfuerce mucho, lo cual no tiene que suceder, la soluci칩n es simple: una vez ya hayas terminado de actualizar todo, ve al buscador de windows y escribe (administrador de dispositivos), depu칠s mira bien para que encuentres el que dice, (firmware), una vez ya lo hayas encontrado, mira a ver si te sale alguna advertencia en amarillo o rojo, si es as칤, has doble clic en donde te sale la advertencia, te va a salir una peque침a ventana, en la parte superior ve al menu que dice (controlador), una vez all칤 dale clic en (revertir al controlador anterior) y ya, eso eso todo.', 'Producto de muy buena calidad y procesa excelente para trabajos basicos.']"
https://articulo.mercadolibre.com.co/MCO-1149887778-portatil-asus-x415ja-bv2029-corei3-12gb-256ssd-14-hd-endles-_JM#position=24&search_layout=stack&type=item&tracking_id=ae6cfc7a-b032-454d-ab9f-debb76ff3152,Port치til Asus X415ja-bv2029 Corei3- 12gb 256ssd 14 Hd Endles,1.449.000,"Chapinero, Bogot치 D.C..",+100,3 calificaciones,5.0,"['Excelente oportunidad para tener un equipo libiano y r치pido, muy buena elecci칩n de configuraci칩n.', 'Muy bonito, de acuerdo con las caracter칤sticas especificadas, super liviano, muy pr치ctico y comodo para llevarlo a la u, excelente calidad de imagen, esperar칠 como contin칰a con el uso.']"
https://articulo.mercadolibre.com.co/MCO-948809988-asus-tuf-dash-intel-core-i7-12650h-rtx-3060-16gb-512g-144h-_JM#position=25&search_layout=stack&type=item&tracking_id=ae6cfc7a-b032-454d-ab9f-debb76ff3152,Asus Tuf Dash Intel Core I7 12650h Rtx 3060 16gb 512g 144h,6.899.999,"Medell칤n, Antioquia.",+100,3 calificaciones,5.0,"['Muy bueno.', 'Buena proporci칩n desempe침o costo.', 'El mejor portatil que he tenido hasta ahora. Ninguna queja, y el dise침o es hermoso me encanto!.']"
https://articulo.mercadolibre.com.co/MCO-1141540620-lenovo-gamer-intel-core-i7-ssd-1tb-ram-32gb-rtx-3050ti-_JM#position=26&search_layout=stack&type=item&tracking_id=ae6cfc7a-b032-454d-ab9f-debb76ff3152,Lenovo Gamer Intel Core I7 Ssd 1tb Ram 32gb Rtx 3050ti,6.069.900,"Bucaramanga, Santander.",+500,,,[]
https://articulo.mercadolibre.com.co/MCO-1295039388-portatil-lenovo-r5-5500u-ram-12gb-disco-solido-256gb-fhd-_JM#position=27&search_layout=stack&type=item&tracking_id=ae6cfc7a-b032-454d-ab9f-debb76ff3152,Port치til Lenovo R5 5500u Ram 12gb Disco Solido 256gb Fhd,2.678.429,"Suba, Bogot치 D.C..",+500,1 calificaci칩n,5.0,['Excelente. Lo recomiendo.']
https://articulo.mercadolibre.com.co/MCO-1153829514-portatil-corporativo-lenovo-t470-core-i7-7th-32g-1tb-ssd-lee-_JM#position=28&search_layout=stack&type=item&tracking_id=ae6cfc7a-b032-454d-ab9f-debb76ff3152,Port치til Corporativo Lenovo T470 Core I7 7th 32g 1tb Ssd Lee,3.070.000,"Teusaquillo, Bogot치 D.C..",+100,,,[]
https://www.mercadolibre.com.co/laptop-dell-inspiron-3515-negra-155-amd-ryzen-5-3450u-8gb-de-ram-256gb-ssd-amd-radeon-rx-vega-8-ryzen-20003000-1366x768px-windows-10-home/p/MCO19879180?pdp_filters=category:MCO1652#searchVariation=MCO19879180&position=7&search_layout=stack&type=product&tracking_id=ae6cfc7a-b032-454d-ab9f-debb76ff3152,"Laptop Dell Inspiron 3515 negra 15.5"", AMD Ryzen 5 3450U  8GB de RAM 256GB SSD, AMD Radeon RX Vega 8 (Ryzen 2000/3000) 1366x768px Windows 10 Home",1.799.900,"Chapinero, Bogot치 D.C..",+100,,,[]
https://www.mercadolibre.com.co/laptop-asus-x543ma-gris-156-intel-celeron-n4000-4gb-de-ram-500gb-hdd-intel-uhd-graphics-600-1366x768px-windows-10-home/p/MCO15584433?pdp_filters=category:MCO1652#searchVariation=MCO15584433&position=9&search_layout=stack&type=product&tracking_id=ae6cfc7a-b032-454d-ab9f-debb76ff3152,"Laptop Asus X543MA gris 15.6"", Intel Celeron N4000  4GB de RAM 500GB HDD, Intel UHD Graphics 600 1366x768px Windows 10 Home",1.200.000,"Chapinero, Bogot치 D.C..",+100,31 calificaciones,4.6,"['Asus x543 12 ram. Que pedazo de computador, hace rato no ten칤a uno y este super칩 todas las expectativas, muy fluido, s칰per r치pido para hacer tareas, para prender y apagar. Recibe muy bien la se침al del wifi. Adem치s que su aspecto est칠tico es excelente. Color plateado muy bonito y el tama침o de la pantalla perfecta. Para el precio que tiene, dir칤a que fue una excelente compra.', 'Hasta ahora me parece muy bueno es r치pido, c칩modo, una falla el teclado como es plateado dificulta la visi칩n de los signos.', 'Excelente producto totalmente acorde con su precio, muchas gracias.', 'Esta muy bien, asus es buena twcnologia.', 'Muy barato para el tama침o de pantalla que tiene.']"
https://www.mercadolibre.com.co/portatil-toshiba-tecra-a40-g-celeron-4gb-128gb-ssd-win-10pro/p/MCO19845870?pdp_filters=category:MCO1652#searchVariation=MCO19845870&position=10&search_layout=stack&type=product&tracking_id=ae6cfc7a-b032-454d-ab9f-debb76ff3152,Port치til Toshiba Tecra A40-g Celeron 4gb 128gb Ssd Win 10pro,948.888,"Chapinero, Bogot치 D.C..",+500,,,[]
https://www.mercadolibre.com.co/laptop-lenovo-thinkpad-e14-gen-2-black-14-intel-core-i7-1165g7-16gb-de-ram-512gb-ssd-intel-iris-xe-graphics-g7-96eus-1920x1080px-windows-10-pro/p/MCO21443918?pdp_filters=category:MCO1652#searchVariation=MCO21443918&position=11&search_layout=stack&type=product&tracking_id=ae6cfc7a-b032-454d-ab9f-debb76ff3152,"Laptop Lenovo Thinkpad E14 Gen 2 black 14"", Intel Core i7 1165G7  16GB de RAM 512GB SSD, Intel Iris Xe Graphics G7 96EUs 1920x1080px Windows 10 Pro",6.999.900,"Chapinero, Bogot치 D.C..",+50,1 calificaci칩n,5.0,['Buena calidad.']
https://www.mercadolibre.com.co/macbook-pro-16-inch-2023-space-gray-162-apple-m2-pro-16gb-de-ram-1-tb-ssd-apple-m2-pro-19-core-gpu-120-hz-3456x2234px-macos/p/MCO21515531?pdp_filters=category:MCO1652#searchVariation=MCO21515531&position=12&search_layout=stack&type=product&tracking_id=ae6cfc7a-b032-454d-ab9f-debb76ff3152,"MacBook Pro 16-inch 2023 space gray 16.2"", Apple M2 Pro  16GB de RAM 1 TB SSD, Apple M2 Pro 19-Core GPU 120 Hz 3456x2234px macOS",13.900.000,"Antonio Nari침o, Bogot치 D.C..",+100,,,[]
https://articulo.mercadolibre.com.co/MCO-1192789431-portatil-asus-r5-4600h-16gb-ram-512gb-solido-wifi6-14pul-_JM#position=31&search_layout=stack&type=item&tracking_id=ae6cfc7a-b032-454d-ab9f-debb76ff3152,Portatil Asus R5 4600h 16gb Ram 512gb Solido Wifi+6 14pul,3.514.143,"Suba, Bogot치 D.C..",+500,,,[]
https://articulo.mercadolibre.com.co/MCO-980321785-portatil-asus-core-i5-1135g7-x415ea-4gb-256gb-14-fhd-laptop-_JM#position=34&search_layout=stack&type=item&tracking_id=ae6cfc7a-b032-454d-ab9f-debb76ff3152,Portatil Asus Core I5 1135g7 X415ea 4gb 256gb 14 Fhd Laptop,1.950.000,"Cali, Valle Del Cauca.",+1000,1 calificaci칩n,5.0,['Peso velocidad com칩didad seriedad satisfecho con el producto.']
https://articulo.mercadolibre.com.co/MCO-980323743-portatil-asus-core-i5-1135g7-x415ea-20gb-256gb-14-fhd-laptop-_JM#position=36&search_layout=stack&type=item&tracking_id=ae6cfc7a-b032-454d-ab9f-debb76ff3152,Portatil Asus Core I5 1135g7 X415ea 20gb 256gb 14 Fhd Laptop,2.220.000,"Cali, Valle Del Cauca.",+1000,8 calificaciones,4.8,"['Es un excelente port치til calidad-precio.\nEl rendimiento es muy bueno, funciona perfecto para los programas de office e incluso lo prob칠 con varios juegos como halo 4 y mine.', 'Muy buen producto.']"
https://articulo.mercadolibre.com.co/MCO-1117140370-portatil-hp-amd-ryzen-5-5500u-ram-12gb-ssd-256gb-14-fq1052la-_JM#position=37&search_layout=stack&type=item&tracking_id=ae6cfc7a-b032-454d-ab9f-debb76ff3152,Portatil Hp Amd Ryzen 5 5500u Ram 12gb Ssd 256gb 14-fq1052la,1.800.000,"Cali, Valle Del Cauca.",+1000,,,[]
https://articulo.mercadolibre.com.co/MCO-969640562-portatil-lenovo-core-i5-4gb16gb-1tb-500gb-ssd-v14-iil-_JM#position=39&search_layout=stack&type=item&tracking_id=ae6cfc7a-b032-454d-ab9f-debb76ff3152,Portatil Lenovo Core I5 4gb+16gb 1tb + 500gb Ssd V14-iil ,2.509.000,"Cali, Valle Del Cauca.",+1000,,,[]
https://www.mercadolibre.com.co/laptop-gamer-asus-tuf-gaming-fx506lh-negra-156-intel-core-i5-10300h-8gb-de-ram-512gb-ssd-nvidia-geforce-gtx-1650-144-hz-1920x1080px-windows-10/p/MCO18639949?pdp_filters=category:MCO1652#searchVariation=MCO18639949&position=47&search_layout=stack&type=product&tracking_id=ae6cfc7a-b032-454d-ab9f-debb76ff3152,"Laptop gamer Asus TUF Gaming FX506LH negra 15.6"", Intel Core i5 10300H  8GB de RAM 512GB SSD, NVIDIA GeForce GTX 1650 144 Hz 1920x1080px Windows 10",3.300.000,,,66 calificaciones,5.0,"['Excelente producto, la est칠tica es simplemente espectacular, la pantalla es una obra de arte, adem치s es s칰per ligera. Si lo que est치s buscando es un equipo r치pido, capaz de correr gran variedad de juegos (los m치s exigentes gr치ficas bajas o medias) sin gastar sumas exageradas de dinero, este port치til es para ti.', 'Cumple con todas las expectativas, lo que m치s me gusta es que puedes escoger diferentes modos de rendimiento que se aplican si estas conectado a la energ칤a o no.', 'Trabaja bien la suite adobe y enciende r치pido.', 'Excelente hasta ahora, buena capacidad para hacer machine learning.', 'Muy buen producto, me encanta y hasta ahora ha funcionado muy bien, bueno que trae adaptador para ampliar a una memoria mec치nica.']"
https://articulo.mercadolibre.com.co/MCO-902695579-portatil-acer-nitro5-gamer-i5-ram16gb-256ssd1trhdd-rtx3060-_JM#position=40&search_layout=stack&type=item&tracking_id=ae6cfc7a-b032-454d-ab9f-debb76ff3152,"Port치til Acer Nitro5 Gamer I5 Ram16gb, 256ssd+1trhdd Rtx3060",4.999.000,"Usaqu칠n, Bogot치 D.C..",+100,,,[]
https://articulo.mercadolibre.com.co/MCO-1224196752-msi-katana-intel-core-i7-12650h-rtx-3050-ti-ram-32g-512g-144-_JM#position=41&search_layout=stack&type=item&tracking_id=ae6cfc7a-b032-454d-ab9f-debb76ff3152,Msi Katana Intel Core I7 12650h Rtx 3050 Ti Ram 32g 512g 144,5.949.999,"Medell칤n, Antioquia.",+100,,,[]
https://articulo.mercadolibre.com.co/MCO-606605587-portatil-dell-vostro-14-3400-i5-1135g7-ram-16gb-1tb-win10-_JM#position=42&search_layout=stack&type=item&tracking_id=ae6cfc7a-b032-454d-ab9f-debb76ff3152,Port치til Dell Vostro 14  3400 I5-1135g7 Ram 16gb 1tb Win10,2.770.000,"Suba, Bogot치 D.C..",+500,9 calificaciones,4.4,"['Un port치til que cumpli칩 mis exigencias, muy r치pido y vers치til; le hacen falta algunas cosas para que sea excelente, pero en t칠rminos generales y por el precio, es un computador muy bueno. Recomendable 100%.', 'Es muy buen equipo. Excelente para trabajo cotidiano de universidad u oficina. 2 semanas de uso. Esperando que dure lo suficiente con los cuidados adecuados.\nActualizaci칩n: se le da침칩 la pantalla y se tuvo que pedir garant칤a. 1 mes de uso.', 'El port치til se ha comportado bien, trabaja excelentemente. Los componentes son de execele calidad.', 'Mala inversi칩n haber comprado un equipo con hdd. Inviertanle m치s al ssd.', 'Buen producto, marcha bien hasta ahora.']"
https://www.mercadolibre.com.co/laptop-dell-inspiron-3501-negra-1555-intel-core-i5-1135g7-8gb-de-ram-256gb-ssd-intel-iris-xe-graphics-g7-80eus-60-hz-1366x768px-linux-ubuntu/p/MCO18383698?pdp_filters=category:MCO1652#searchVariation=MCO18383698&position=16&search_layout=stack&type=product&tracking_id=ae6cfc7a-b032-454d-ab9f-debb76ff3152,"Laptop Dell Inspiron 3501 negra 15.55"", Intel Core i5 1135G7  8GB de RAM 256GB SSD, Intel Iris Xe Graphics G7 80EUs 60 Hz 1366x768px Linux Ubuntu",3.300.000,"Chapinero, Bogot치 D.C..",+50,163 calificaciones,4.5,"['Excelente producto, es muy veloz y aunque viene con windows 10 por defecto. Es 100% compatible con windows 11. Y lo corre sin bugs ni lags. Muy buen equipo.', 'El producto es muy rapido, he podido realizar mis practicas de programacion sin problema, cumplio mis espectativas, lo recomiendo.', 'Es perfecto tengo la version de 12 gb de ram, 256 gb ssd y 1 tera, es eficiente super rapido ya llevo casi un mes de uso y me ha encantado es un equipo econimico liviano y me sirve de maravilla lo recomiendo.', 'Un producto con muy buen acabado, bien equipado de procesador y memoria ram. Cumple con el m칤nimo hardware para las tareas comerciales y particulares de hoy en d칤a.', 'El produto se ve bueno a simple vista al prenderlo el equipo es lento pero al comfigurarlo es rapido tiene unas aplicaciones que lo hacen lento pero al quitarcelas el equipo se le suluciona el problema.']"
https://articulo.mercadolibre.com.co/MCO-946646041-portatil-asus-intel-core-i5-1135g7-ssd-1tb-ram-20gb-led-14-_JM#position=43&search_layout=stack&type=item&tracking_id=ae6cfc7a-b032-454d-ab9f-debb76ff3152,Portatil Asus Intel Core I5 1135g7 Ssd 1tb Ram 20gb Led 14,2.719.000,"Bucaramanga, Santander.",+500,,,[]
https://articulo.mercadolibre.com.co/MCO-903052674-portatil-lenovo-intel-dual-core-hdd-1tb-ssd-256gb-ram-8gb-_JM#position=44&search_layout=stack&type=item&tracking_id=ae6cfc7a-b032-454d-ab9f-debb76ff3152,Portatil Lenovo Intel Dual Core Hdd 1tb + Ssd 256gb Ram 8gb,1.339.900,"Bucaramanga, Santander.",+500,,,[]
https://articulo.mercadolibre.com.co/MCO-1100214925-portatil-asus-tuf-f15-i5-11300h-rtx-3050-ram-8gb-m2-512gb-_JM#position=45&search_layout=stack&type=item&tracking_id=ae6cfc7a-b032-454d-ab9f-debb76ff3152,Port치til Asus Tuf F15 I5-11300h Rtx 3050 Ram 8gb M.2 512gb,3.999.000,"Chapinero, Bogot치 D.C..",+500,,,[]
https://articulo.mercadolibre.com.co/MCO-916937350-computador-portatil-lenovo-intel-core-i5-ssd-1tb-ram-12gb-_JM#position=46&search_layout=stack&type=item&tracking_id=ae6cfc7a-b032-454d-ab9f-debb76ff3152,Computador Portatil Lenovo Intel Core I5 Ssd 1tb Ram 12gb,2.529.900,"Bucaramanga, Santander.",+500,,,[]
https://articulo.mercadolibre.com.co/MCO-832990350-portatil-acer-gamer-core-i5-ssd-512-hdd-1tb-ram-12-gtx-1650-_JM#position=48&search_layout=stack&type=item&tracking_id=ae6cfc7a-b032-454d-ab9f-debb76ff3152,Portatil Acer Gamer Core I5 Ssd 512 Hdd 1tb Ram 12 Gtx 1650,3.769.900,"Bucaramanga, Santander.",+500,,,[]
https://articulo.mercadolibre.com.co/MCO-946825958-portatil-asus-x415ja-bv2198-corei3-1005g1-4gb-256ssd-14-hd-_JM#position=49&search_layout=stack&type=item&tracking_id=ae6cfc7a-b032-454d-ab9f-debb76ff3152,Port치til Asus X415ja-bv2198 Corei3-1005g1 4gb 256ssd 14 Hd,1.299.900,"Chapinero, Bogot치 D.C..",+100,,,[]
https://click1.mercadolibre.com.co/mclics/clicks/external/MCO/count?a=X%2FR3dm1Xngjls%2FZbNXK4cZiNUApDV%2FMKV45ZnPK2AzQyR5ERvCfgdU66ddDkzKku33s9Pr%2F7qwXewAY3rj%2BUlGhWLnrOQAi0km9sFkULcARy%2BoKGzje0H%2BlLCqKNw1grE6jz1FsB6SC9bpCwRLsKXGgUdYHvkN3p2jK0%2F0%2BtFtEmjd4pXzhf3PqwbgFXzLXB7blRVph0A6FFbHc7oaBd4Pm7EduslgKYeGNOWFvSb%2FrNW7MuMyAPEXJA3wMb1vKUI6mdS5yqvn4h8KIPW4b1%2BRYMGngEZ99la48ZfaXJU2Mj3GYiHvpQIOCukiXJ1wTV4DSUIXChTQ58faDoBPPXIprjMiCaxsWzDGR0GVBC1Xrub0veYURjClwcHDjO9qGp95f2DPWexaQ1xfh2Js0PNqiBJVdUEmr4AQY2U2Gfc9IwJwTehh08V3frg8u0BIxm6jHyHH20x%2F%2BSz6sjrPj%2BqIKjhU88ogHwfl%2BML5hY3X%2FFbJcs2dJSjjUkWVw4sBW9Kv8KnC0HWkTMaDl%2Bf4UdHHXgQq2FcXqmWewy%2Bbp%2BRL0Y%2FMrfLmum3rW%2FMoTBcP%2BoqBj%2Bj2Ds2bqZslc3h7295nUAYDV1Br1oI%2BEihVmnbLsyZ9VLA9msLZK5y%2F8loQI6K2kpTMCp2QmZhiQZc%2BCysnCN256fmBOSW4BC37iXs1zCv46xUXBeMqiUrqrGWb7zFNz%2FJ3I%2FRW%2BX6bR2&rb=x,Computador Portatil Asusx415ja Core I3 10ma 4gb Ssd 256gb,1.479.000,"Ibagu칠, Tolima.",+100,2 calificaciones,5.0,['Excelente producto. Me gust칩 mucho.']
https://click1.mercadolibre.com.co/mclics/clicks/external/MCO/count?a=2h3bhH9Ps%2BZfc%2BFIDTV2gMjZulo8HKyedgY4062aTty%2FI0Bl5Mub5j2ibBEdBQ43%2Fasjf8AxA7IeuvDbg%2BnVbpZCbP7LU%2F3Mk84eO2ElxKlQczvCdiNhQGig524wSTeZqFbE0YScN9juHIfIk45RgeEnxX1DQkbjc6AY2fdi2ZlpO%2FT%2BrE%2F54ATHn9iuSOY1SN0%2F8MimWue46ZJNGMRojk3mR9BEzcet2KB2uUSksRVr2U7%2FTlLQug%2F1p%2BQm1SojeIGUxcTTa1Cyb12Hg2RtHhr0h4pkASmojlVAT7vPVjHfqBiYQ4uPw51fLOlwrPdO3EA9mS29nzbuy6p8O3xqancLBT1upEe0Wqgav612CZ6TBxsV0bUKdVipJrmR%2BDIg4IGbQ2Ec9Or4%2FAuUQV9qyJWDl1GMs8qU8Iqwmrervf62VJXF5585QkDkxh2ieE78NSr1ziflvxnpjbs7mBWQOG1DvRhYfCaBUBtPAcHfw6G9ZmsKZ2ZHOWX%2FPhu9%2BmGYTIdEZ0OwniCl0fjm9xTX4mp3Sqd6bt1MOl2jmArJQmc1ZOrBFSxJToKbuSRioSb4d07CS2yAHQk3EXfBhlEwDRKS9Tl9INuSmin3FTlDPJfdAjzSh9HFwdz5vptPZlzuzXvjcm3mdB49VgFU1xeKcDeW23WBqbZ5MeesaAuIWrU7sDdO2mrC5SnU60hZxxPlLt3mEE%2FjP6gdHnRz594i&rb=x,Computador Port치til Hp 240 G7 Intel Celeron Ram 8gb Hdd 1 Tb,860.000,"Ibagu칠, Tolima.",+100,,,[]
https://articulo.mercadolibre.com.co/MCO-941378742-portatil-acer-amd-ryzen-5-5500u-ssd-1tb-ram20gb-led-156-fhd-_JM#position=11&search_layout=stack&type=item&tracking_id=719ba005-c6e7-40cf-9838-62f32cec5b85,"Port치til Acer Amd Ryzen 5 5500u Ssd 1tb Ram20gb Led 15,6 Fhd",2.779.900,"Bucaramanga, Santander.",+500,,,[]
https://articulo.mercadolibre.com.co/MCO-951376115-vivobook-asus-oled-m3500qa-r58gb512gb-ssd15-fhdsin-so-_JM#position=12&search_layout=stack&type=item&tracking_id=719ba005-c6e7-40cf-9838-62f32cec5b85,Vivobook Asus Oled M3500qa-r5/8gb/512gb Ssd/15' Fhd/sin So,5.219.900,"Cota, Cundinamarca.",+1000,,,[]
https://articulo.mercadolibre.com.co/MCO-1014139460-portatil-hp-core-i7-1255u-12gen-20gb-ram-512gb-ssd-15dy5011-_JM#position=13&search_layout=stack&type=item&tracking_id=719ba005-c6e7-40cf-9838-62f32cec5b85,Portatil Hp Core I7 1255u 12gen 20gb Ram 512gb Ssd 15dy5011,3.559.000,"Cali, Valle Del Cauca.",+1000,,,[]
https://www.mercadolibre.com.co/laptop-hp-14-fq1051la-ryzen-3-5300u-12-gb-256-gb-14/p/MCO21304688?pdp_filters=category:MCO1652#searchVariation=MCO21304688&position=4&search_layout=stack&type=product&tracking_id=719ba005-c6e7-40cf-9838-62f32cec5b85,"Laptop Hp 14-fq1051la, Ryzen 3 5300u, 12 Gb 256 Gb, 14 ",1.410.000,"Chapinero, Bogot치 D.C..",+100,,,[]
https://articulo.mercadolibre.com.co/MCO-961129816-portatil-asus-b1400ceae-14-core-i7-16gb-ssd-512gb-win10-pro-_JM#position=14&search_layout=stack&type=item&tracking_id=719ba005-c6e7-40cf-9838-62f32cec5b85,Port치til Asus B1400ceae 14  Core I7 16gb Ssd 512gb Win10 Pro,5.349.888,"Chapinero, Bogot치 D.C..",+500,,,[]
https://click1.mercadolibre.com.co/mclics/clicks/external/MCO/count?a=AM7pmTGcwD3rUc6w7PvR4U7CXl%2BgAGYiD4qQWNss52z7xD%2BPF5yNUz0CA2HLb5J9ULTC2HeccgIqDjtetsn1ulx4%2Ffo269ypSEH%2F6dDyZ7c8rnhI11NbmEH4jrs4KOSJI6UzxYBzkH03G7qQ0mJ34beb1sa3gRlHe153QXUwdTMTC9Fc0V7K5oj9PcXaPqKHlTkzpmmE4fOAQWHk3CBsGUsU618Txq7WYvukqHZFKiZ8g14ItCkz7jzXcuqnWQ5H%2FFFbf9lTXuSbwMWkRcoM9GV%2FDvkVFaSQZvhn%2B%2FI81Ipv0QVh0AJF8agGEud196YufkhnTa9prjSWZeSh5Aw5zCnxNMwuUPbGEkMv%2FylmiWpciUEJWrmZW7QFdbSaN3cA44Qv0UXmyMGMMUiSRjDieCNiX4aiyFCAyPRObKoYGYjQpOseCbofAiyax9xu3jyLLPlgdAgzA6b%2BhI1qaLUr4PEXG62dIcZ%2BoNnXEtBtxynOmcELc%2FbZLo1tjamSFqPYhC5J4sZjBlemOubd%2FWWhl%2FCxQnNG5wN2prORrD6u4iRMMblGmYVupqsOmcktugsysKeopr7hHAOVVcFJFp0SUZI6udI4QDPMkLHaH%2BEm5r%2FCIL7c1C%2BRolnvWXkW5DqInNN1cpGY6BBvgk1wWV%2FnV%2Bmsh8jrpm8egZ96kfdefNK8z33WjocgTs1bnzfoRnEIvdPw4IGMk1E%3D&rb=x,Computador Portatil Lenovo Intel Core I3 Ram 8gb 1tb,1.515.000,"Ibagu칠, Tolima.",+100,,,[]
https://click1.mercadolibre.com.co/mclics/clicks/external/MCO/count?a=stov2wrHM6kGvFJF4KUd4dxCRadqgiZkkg7LlKx8%2F80g7AjYdfeqKFLwSUmDdk4FjKpgdo1z1HOk3IufaBk%2BwTu%2FESVnD03ziOMDPRrnYX%2FvLYjbny8FA1puyF7rB8DsmxvdKXN5asxzj%2F5DKs7AmvwidrAFeanlrmoi8nCVgcthd8ggI%2BWUOUHkJmBJS%2FPpa102%2Fy4zJc376nbCPfd1Ia%2Bv0AnKBuPHSHTVZDYLnPaUHklxUDs6bt4PygYpbZDD9bGid%2BabguvbcxLXZAgPF4HwI6AUHeF%2F0RSFH3J0nHYvY%2FZrRBXN1MVXTQW1U6KVWsZT66e1peXpoBZSA%2BZFhKtf4rt0if%2Bb0mS%2FykOmQid7kZW07dJbImLQFtOjZhrmE6hKXPOBlbUXtuUP6uf%2Bx16%2B7Rt1OFkqgiXjra68Egy4%2FlmqryNP1YJoWAjesfd7nfQ9is%2FWsE7xs7vfEGm7lqXQ%2FdlQL1YdtwbSh8uN91PZ%2BMctMZMR%2Fdeo5I%2BjGbp8NzTZVkf9WdaoO9Ruec4kSyN%2BdxMYnnNlt9JEctT16L9vd42lAooJ2%2BiOdMqIlSPfKeXv%2FcKmR7dDit18A9LMm02Il7FpoCSQWCtmDXQNMirtioFp5X7VzjSIEksSu9rgczKlkv08F1kJENK9XwMyGUpPE29aG4c5g6X3nfdFErLfYDPbI21vacw5IHeDWuI8DJXkx9M6bpr8QLpY27tMoCE%3D&rb=x,Computador Port치til Hp 240 G7 Intel Celeron Ram 4gb Hdd 1 Tb,949.900,"Medell칤n, Antioquia.",+100,,,[]
https://articulo.mercadolibre.com.co/MCO-618394356-portatil-asus-vivobook-156-ryzen-5-ram-8gb-ssd-512gb-_JM#position=15&search_layout=stack&type=item&tracking_id=719ba005-c6e7-40cf-9838-62f32cec5b85,Portatil Asus Vivobook 15.6  Ryzen 5 Ram 8gb Ssd 512gb,3.799.900,"Itagu칤, Antioquia.",+500,,,[]
https://articulo.mercadolibre.com.co/MCO-871883901-acer-nitro-intel-ci7-512gb-hdd-1tb-ram-24gb-nvidia-1650-4gb-_JM#position=16&search_layout=stack&type=item&tracking_id=719ba005-c6e7-40cf-9838-62f32cec5b85,Acer Nitro Intel Ci7 512gb +hdd 1tb Ram 24gb Nvidia 1650 4gb,5.219.900,"Bucaramanga, Santander.",+500,,,[]
https://articulo.mercadolibre.com.co/MCO-1105685807-computador-portatil-hp-ryzen-5-16gb-ram-1tera-ssd-disco-win-_JM#position=18&search_layout=stack&type=item&tracking_id=719ba005-c6e7-40cf-9838-62f32cec5b85,Computador Portatil Hp Ryzen 5 16gb Ram 1tera Ssd Disco Win,2.449.900,"Bucaramanga, Santander.",+1000,,,[]
